,0,1,2,3,4
2,33725,informaticasicurezza.com,informaticas|icurezza,informatica|sicurezza,informatica|sicurezza
3,49352,allianceoverseas.com,alliance|over|seas,alliance|overseas,alliance|overseas
6,77070,farmcoinc.com,farm|coin|c,farm|co|inc,farm|co|inc
15,37949,helpponouto.com,help|pon|outo,help|ponouto,help|pon|outo
26,47145,alpeni.com,al|peni,alpeni,alpen|i
29,71690,communautedugout.com,communaute|dug|out,communaute|dugout,communaut|e|dugout
32,21258,didacti-todo.com,didacti|to|do,didacti|todo,didacti|todo
35,39541,defilex.com,defile|x,defilex,defile|x
38,31773,johnmoriartyart.com,john|mori|art|y|art,john|moriarty|art,john|moriarty|art
39,82175,ferienwohnung-wf.com,ferien|wohnung|wf,ferienwohnung|wf,ferien|wohnung|wf
40,60890,abroadmilestones.com,a|broad|mile|stones,abroad|mile|stones,abroad|milestones
41,27212,heiligegraal.com,heili|gegraal,heiligegraal,heilige|graal
44,84529,cbandslandscaping.com,c|bands|land|scaping,cb|and|s|landscaping,cb|and|s|landscaping
50,84657,doufi2.com,doufi|2,doufi2,doufi|2
51,86654,freemortgagepaymentcalculator.com,free|mortage|payment|calculator,free|mortgage|payment|calculator,free|mortgage|payment|calculator
56,80479,ascottstarrewards.com,a|scott|star|rewards,ascott|star|rewards,ascott|star|rewards
60,49069,empowersvces.com,empowers|vces,empower|svces,empowers|vces
65,66238,dilyano.com,dil|yano,dilyano,dily|ano
66,91796,gpzxzhjt.com,gpzxhjt,gpzxzhjt,gpzx|zhjt
77,94678,immunomedics-gilead.com,immuno|medics|gi|lead,immunomedics|gilead,immuno|medics|gilead
84,30669,achimlelle.com,achim|lelle,achimlelle,achim|lelle
85,73328,advancedmycotech.com,advanced|my|co|tech,advanced|myco|tech,advanced|myco|tech
90,88711,frameless-whiteboard.com,frameless|whiteboard,frameless|white|board,frame|less|white|board
101,81548,itectt.com,ite|ctt,itectt,ite|ctt
108,72867,dateine.com,date|ine,dateine,date|ine
113,45692,chensizhe.com,chensi|zhe,chen|si|zhe,chen|si|zhe
123,57304,ichigoutei.com,ichigo|utei,ichigoutei,ichi|goutei
137,72028,ayuntamientodegelves.com,ayunta|miento|de|gelves,ayuntamientodegelves,ayuntamiento|de|gelves
143,19661,enirgo.com,en|irgo,enirgo,enir|go
148,37882,justnaturallyme.com,just|natural|lyme,just|naturally|me,just|naturally|me
154,67715,clasesenarrigorriaga.com,clases|en|arrigorriaga,clasesenarrigorriaga,clase|sen|arri|gorriaga
155,69196,justinsiris.com,justins|iris,just|in|siris,justin|siris
160,83022,gcjigui.com,gcji|gui,gcjigui,gc|jigui
161,41511,brandingbarnd.com,branding|barnd,branding|barn|d,branding|barnd
168,82279,bagzladye-accessories2.com,bagz|ladye|accessories|2,bagz|lady|e|accessories|2,bagz|ladye|accessories|2
169,36448,cseasadmenerance.com,csea|sad|men|erance,cseasadmenerance,c|seas|admen|erance
171,28039,extensivebs.com,estensive|bs,extensive|bs,extensive|bs
181,20781,heimscheid.com,heim|scheid,heimscheid,heimscheid
196,38665,contractorsteamllc.com,contractor|steam|llc,contractors|team|llc,contractors|team|llc
197,6925,enziglow.com,enzig|low,enzi|glow,enz|i|glow
202,92695,heartothemountain.com,heart|o|the|mountain,hear|to|the|mountain,heart|of|the|mountain
205,94815,asterisies.com,aster|isies,asterisies,aster|isies
215,75671,anaelearning.com,ana|elearning,anae|learning,anae|learning
217,77062,heolanicreations.com,heol|ani|creations,heo|lani|creations,heolani|creations
223,29803,dropintotech.com,drop|in|to|tech,drop|into|tech,drop|in|to|tech
232,99274,demaddis.com,de|maddis,demaddis,dem|addis
247,73286,allairedavis.com,all|aire|davis,allaire|davis,allaire|davis
258,60815,bouillouses.com,bouil|louses,bouillouses,bouillouses
269,19311,fflluxe.com,fflluxe,ffl|luxe,ffl|luxe
271,15407,avamaerowe.com,ava|mae|rowe,avamaerowe,ava|mae|rowe
274,55084,csepoalphatech.com,csepoalpha|tech,cse|po|alpha|tech,csep|o|alpha|tech
275,95134,expertradings.com,exper|tradings,expert|radings,expert|radings
278,89621,heng93.com,heng93,heng|93,heng|93
279,73112,finansustrategas.com,finansu|strategas,finansustrategas,finans|us|strategas
284,68648,downtownoasis.com,down|town|oasis,downtown|oasis,downtown|oasis
285,95132,halcophelps.com,hal|cop|helps,halco|phelps,halco|phelps
286,78456,jl128.com,jl128,jl|128,jl|128
295,19956,fastnerspoint.com,fast|ners|point,fastners|point,fastners|point
297,76569,jy3824.com,jy3824,jy|3824,jy|3824
299,44342,indoorharvester.com,in|door|harvester,indoor|harvester,indoor|harvester
307,58462,bednarzfamily.com,bed|narz|family,bednarz|family,bednarz|family
311,43585,eastcoastraveller.com,east|coast|traveller,east|coast|raveller,east|coast|traveller
316,21589,gwinnettcountybraves.com,g|winnett|county|braves,gwinnett|county|braves,gwinnett|county|braves
323,99037,betteringz.com,bette|ringz,betteringz,better|ing|z
332,10973,clasesdeseguridadflorida.com,clases|de|segurida|florida,clases|de|seguridad|florida,clases|de|seguridad|florida
353,95481,isgdatabasedevelopment.com,isg|data|base|development,isg|database|development,isg|database|development
359,24412,centroservizicapalbio.com,centro|servizi|capalbio,centro|servizica|palbio,centro|servizi|capalbio
375,97835,football-scene.com,foot|ball|scene,football|scene,football|scene
377,6150,apostabet77.com,a|post|a|bet|77,aposta|bet|77,apostabet|77
379,78820,cuchillostrenzados.com,cuchillo|strenzados,cuchillos|trenzados,cuchillos|trenzados
381,53135,dunadeldaryoush.com,duna|del|daryoush,dunadeldaryoush,duna|del|dary|oush
382,86540,abellehayford.com,abelle|hayford,abelle|hay|ford,abelle|hayford
383,76812,aguacatesechartea.com,agua|catese|chartea,aguacatesechartea,aguacates|echartea
385,60072,jandrliquidations.com,jandr|liquidations,j|and|r|liquidations,jandr|liquidations
391,10539,164hu.com,164hu,164|hu,164|hu
394,73078,alfazeta.com,al|fazeta,alfa|zeta,alfa|zeta
399,35129,ashtxn.com,ashtxn,ash|txn,ash|txn
400,10782,jvstr.com,jvstr,jv|str,jv|str
401,44018,114ef.com,114ef,114|ef,114|ef
402,63479,520iee.com,520iee,520|iee,520|iee
405,5734,basmalaaus.com,basmala|aus,basmalaaus,basmala|aus
407,33203,foreverpathwaysministries.com,forever|pathways|ministries,forever|path|ways|ministries,forever|pathways|ministries
411,57816,isatissoome.com,i|sat|issoome,isatissoome,isatis|soome
419,19861,fatimaboscodalat.com,fatima|boscodalat,fatima|bosco|dalat,fatima|bosco|dalat
431,51141,aty992.com,aty992,aty|992,aty|992
436,21382,digitesouro.com,digit|esouro,digites|ouro,digite|souro
437,17971,185004-270346.com,185004|270346,185004-270346,185|004|270|346
444,32432,cabmedvaanissen.com,cabmed|vaanissen,cab|med|vaanissen,cabmed|vaan|issen
446,35583,blastafoodrecipes.com,blasta|food|recipes,blast|a|food|recipes,blasta|food|recipes
460,78559,gabinetegalaniglesias.com,gabi|netegalan|iglesias,gabinet|egalan|iglesias,gabinete|galan|iglesias
469,93569,dyegenx.com,dye|genx,dye|gen|x,dye|genx
480,37528,jpziyuan.com,jpzi|yuan,jp|zi|yuan,jp|ziyuan
487,21012,ebonyoneverything.com,ebony|on|everything,ebony|on|every|thing,ebony|on|everything
491,12008,dodexo.com,dodexo,do|dexo,dod|exo
497,97916,702mlan.com,702mlan,702|mlan,702|mlan
499,57943,dogurineremovers.com,dogurine|removers,dog|urine|removers,dog|urine|removers
515,73292,dadaxz.com,dad|axz,dada|xz,dada|xz
521,27242,centrohipicomaasbree.com,centro|hipico|maas|bree,centrohipicomaasbree,centro|hipico|maasbree
522,81027,drlnlaws.com,dr|ln|laws,dr|lnlaws,dr|ln|laws
528,57265,electronicafromusic.com,electronic|afro|music,electronica|fro|music,electronica|from|music
542,87399,grupoproimpsac.com,grupo|proimpsac,grupo|pro|imp|sac,grupo|pro|imp|sac
548,33210,ismile-dentalcare.com,i|smile|dental|care,i|smile|dentalcare,i|smile|dental|care
550,12118,ellxi.com,ell|xi,ellxi,ell|xi
551,66571,abarroteriaelrey.com,abarro|teria|el|rey,abarroteria|el|rey,abarroteria|el|rey
569,30358,jetportgas.com,jet|port|gas,jetport|gas,jet|port|gas
583,88874,iamagtech.com,iamag|tech,ia|magtech,iam|ag|tech
587,89367,hthvip1573.com,hthvip1573,hth|vip|1573,hth|vip|1573
590,21920,cooperstownmotel.com,coopers|town|motel,cooperstown|motel,cooperstown|motel
592,57197,batimmoplus.com,batimmo|plus,bat|immo|plus,batimmo|plus
594,19008,jingruxin.com,jing|ruxin,jing|ru|xin,jing|ru|xin
595,65607,gordonmonangfusion.com,gordon|monang|fusion,gordon|mon|ang|fusion,gordon|monang|fusion
601,58779,alandsonsplumbingusa.com,alandsons|plumbing|usa,al|and|sons|plumbing|usa,aland|sons|plumbing|usa
604,44192,handdrawnquartered.com,hand|drawn|quartered,handdrawn|quartered,hand|drawn|quartered
605,20221,everythingopulencebeauty.com,every|thing|opulence|beauty,everything|opulence|beauty,everything|opulence|beauty
609,28197,drahailaalmeida.com,drahaila|almeida,drahailaalmeida,dr|ahaila|almeida
613,99581,fraudsteveschwartzapfel.com,fraud|steve|schwartzapfel,fraudsteveschwartzapfel,fraud|steve|schwartz|apfel
614,35682,destileriastenis.com,destileriastenis,destileria|stenis,destileria|stenis
622,8872,doangialand.com,doangia|land,do|angia|land,do|angia|land
625,38330,gogogive.com,gogo|give,go|go|give,gogo|give
628,70659,everydaypilgrimage.com,every|day|pilgrimage,everyday|pilgrimage,everyday|pilgrimage
631,33499,frivmax.com,frivmax,friv|max,friv|max
632,98137,franchisetailgate.com,franchise|tail|gate,franchise|tailgate,franchise|tailgate
633,34609,1761z1761.com,1761|z|1761,1761z1761,1761|z|1761
634,27045,dezracing.com,dezr|acing,dez|racing,dez|racing
635,93837,bcever.com,bcever,bc|ever,bc|ever
637,88037,carrentalsearch.com,car|rental|search,carrental|search,car|rental|search
645,85145,centrovesalius.com,centro|vesalius,centrovesalius,centro|vesalius
646,94567,decarboneum.com,decarbon|eum,decarboneum,de|carboneum
651,57221,ecommercerating.com,e|commerce|rating,ecommerce|rating,ecommerce|rating
653,15190,humanleyprints.com,human|ley|prints,humanley|prints,human|ley|prints
657,21608,jahanihsan.com,jaha|nihsan,jahanihsan,jahan|ihsan
658,42253,ecominsurance.com,e|com|insurance,ecom|insurance,ecom|insurance
660,66359,ifovgroupe.com,i|fov|groupe,ifov|groupe,ifo|v|groupe
662,96689,collinslawde.com,collins|law|de,collins|lawde,collins|law|de
667,10486,everything2gain.com,every|thing|2|gain,everything|2|gain,everything|2|gain
677,83286,gatewaylimousine.com,gate|way|limousine,gateway|limousine,gateway|limousine
685,72952,hbd7.com,hbd|7,hbd7,hbd|7
686,95406,glamivie.com,glam|ivie,glamivie,glam|vie
690,60370,fourniplant.com,fourni|plant,four|ni|plant,fourni|plant
720,51381,carbofil.com,carbofil,carbo|fil,carbo|fil
722,63778,13aresearch.com,13a|research,13|a|research,13a|research
727,29867,ansarandolini.com,ansarandolini,ansa|randolini,ansar|and|olini
738,91669,baybuildersal.com,bay|builders|al,bay|builder|sal,bay|builders|al
748,47733,farmerseinsurance.com,farmers|einsurance,farmers|e|insurance,farmers|e|insurance
750,85523,gworldlogis.com,gworld|logis,g|world|logis,g|world|logis
752,63159,byuscorp.com,byus|corp,by|us|corp,by|us|corp
762,77566,emysdaycare.com,emys|day|care,emys|daycare,emys|daycare
764,14398,harmophy.com,harm|ophy,harmophy,harmo|phy
768,96543,cilentoautenticodmo.com,cilento|autentico|dmo,cilentoautenticodmo,cilento|autentico|dmo
772,17781,antiquesuperstore.com,antique|super|store,antique|superstore,antique|superstore
774,96010,dvicenteabogados.com,dvicen|tea|bogados,dvicente|abogados,d|vicente|abogados
785,55291,bellapiedi.com,bella|piedi,bellapiedi,bella|piedi
786,81423,au2indretning.com,au2indretning,au|2|indretning,au2|indretning
787,33683,dwarproductions.com,dwar|productions,d|war|productions,dwar|productions
790,90276,cardhubx.com,card|hub|x,card|hubx,card|hubx
791,46164,activatedewards.com,activate|dewards,activated|ewards,activate|d|wards
798,696,airportexplorer.com,air|port|explorer,airport|explorer,airport|explorer
799,20335,gwarrow.com,g|warrow,gw|arrow,g|warrow
800,6093,ezz-theticrecords.com,ezz|the|tic|records,ezz|thetic|records,ezz|thetic|records
801,76553,bonnvischan.com,bonnvis|chan,bonnvischan,bonn|vischan
802,98295,doctorespuertoescondido.com,doctor|espuerto|escondido,doctor|es|puerto|escondido,doctores|puerto|escondido
805,8996,acesector159noida.com,ace|sector|159|noida,ace|sector|159|no|ida,ace|sector|159|noida
807,27719,cartonnidodeabeja.com,carton|nidodeabeja,carton|nidode|abeja,carton|nido|de|abeja
814,42934,armapillo.com,arm|apillo,armapillo,arma|pillo
821,95772,aimterapia.com,aim|terapia,aimterapia,aim|terapia
827,91387,detechies.com,de|techies,detechies,de|techies
831,42514,harmonphysicaltherapy.com,harm|on|physical|therapy,harmon|physical|therapy,harmon|physical|therapy
841,52810,cticontech.com,cti|con|tech,ct|icon|tech,cti|con|tech
845,40034,boxcarpzix.com,box|carp|zix,boxcar|pzix,box|carp|zix
847,49308,downtownlastudios.com,down|town|la|studios,downtown|la|studios,downtown|la|studios
848,91758,autocars-savac.com,auto|cars|savac,autocars|savac,auto|cars|savac
850,45863,dx301.com,dx|301,dx301,dx|301
854,78120,haiwenwl.com,haiwen|wl,hai|wen|wl,hai|wen|wl
855,1839,banca499.com,banca|499,banca499,banca|499
856,52661,donyayenoor.com,donya|yenoor,donyayenoor,donyay|enoor
859,97681,flexpertlegal.com,fl|expert|legal,flex|pert|legal,flex|pert|legal
874,40821,buberme.com,buberme,b|uber|me,bub|er|me
886,62990,carlisleparts.com,car|lisle|parts,carlisle|parts,carlisle|parts
887,36880,19iem.com,19iem,19|iem,19|iem
888,55578,intellimedtech.com,intellimed|tech,intelli|med|tech,intelli|med|tech
890,76103,abelbuzarquis.com,abel|buzarquis,abelbuzarquis,abel|buzarquis
895,79345,consultoriagca.com,consult|oriagca,consultoria|gca,consultoria|gca
897,16741,evenders.com,even|ders,ev|enders,even|ders
902,853,casibom843.com,casi|bom843,casibom843,casibom|843
904,64395,eartevgo.com,eartevgo,eart|ev|go,ear|tev|go
905,18455,abcvoosbaratos.com,abc|voos|baratos,abcvoosbaratos,abc|voos|baratos
906,48196,dimoraaganoor.com,dimora|aganoor,dimoraaganoor,dimora|aga|noor
916,95362,hhuttonadminservices.com,hhutton|admin|services,h|hutton|admin|services,hhutton|admin|services
917,21131,danlesgroup.com,dan|les|group,danles|group,danles|group
919,44307,amitechdesign.com,ami|tech|design,amitech|design,amitech|design
922,5755,baeaimoveis.com,baeai|move|is,baeai|moveis,bae|aimo|veis
927,24536,alberguelabarraca.com,albergue|la|barraca,alberguela|barraca,albergue|la|barraca
928,44795,habeebe.com,habeebe,ha|bee|be,habe|ebe
932,71251,bestbeefintl.com,best|bee|fintl,best|beef|intl,best|beef|intl
935,907,billboardslasvegas.com,bill|boards|las|vegas,billboards|las|vegas,billboards|las|vegas
942,12830,gigiemmevacanze.com,gigi|emmevacanze,gigiemme|vacanze,gigi|emme|vacanze
943,27601,clcconsultancyco.com,clc|consult|ancyco,clc|consultancy|co,clc|consultancy|co
954,68319,educacioncaninasevilla.com,educacion|caninase|villa,educacion|canina|se|villa,educacion|canina|sevilla
959,82765,grivinsegr.com,grivinsegr,grivinse|gr,grivin|segr
962,84558,benetstore.com,benet|store,be|net|store,benet|store
963,82141,globalstrawberry.com,global|straw|berry,global|strawberry,global|strawberry
964,46529,bidderoo.com,bid|deroo,bidderoo,bidder|oo
965,87398,79-zumospin.com,79|zumo|spin,79-zumospin,79|zumo|spin
967,68788,elrealtypr.com,el|real|typr,el|realty|pr,el|realty|pr
968,84611,grupoberhfer.com,grupo|berhfer,grupoberhfer,grupo|berh|fer
977,60406,hydrogelfilters.com,hydro|gel|filters,hydrogel|filters,hydrogel|filters
979,88007,epicogateway.com,epico|gate|way,epico|gateway,epico|gateway
982,96912,animation-pipeline.com,animation|pipe|line,animation|pipeline,animation|pipeline
983,51301,avvsamantabufalini.com,avvsamanta|bufalini,avvsamantabufalini,avv|samanta|bufalini
985,4033,barbusu.com,barbusu,bar|busu,bar|busu
987,89359,biolab1.com,bio|lab1,bio|lab|1,bio|lab1
988,60411,demrawan.com,demrawan,demra|wan,dem|rawan
993,4892,consuladolanzarote.com,consul|adolanzarote,consulado|lanzarote,consulado|lanzarote
996,28878,devpha.com,devpha,dev|pha,dev|pha
998,48058,datongjc.com,datongjc,da|tong|jc,datong|jc
1000,728,eenode.com,eenode,ee|node,ee|node
1004,35526,jhenaidah0204.com,jhena|idah0204,jhenaidah0204,jhenaidah|0204
1008,19678,eleusistradeco.com,eleusistra|deco,eleusis|trade|co,eleusis|trade|co
1010,24990,jandjadventures.com,j|and|j|adventures,jandja|dventures,j|and|j|adventures
1011,64364,ecolotees.com,eco|lot|ees,eco|lotees,eco|lo|tees
1012,92552,ezrobotsentertainment.com,ezro|bots|entertainment,ez|robots|entertainment,ez|robots|entertainment
1018,21528,carriazetech.com,carria|zetech,carriaze|tech,carriaze|tech
1022,533,heiluotuo.com,hei|luo|tuo,heiluotuo,heiluo|tuo
1023,53236,huashenhj.com,hua|shen|hj,huashenhj,huashen|hj
1024,64836,cloudsimera.com,clouds|imera,cloud|simera,cloud|simera
1028,38518,coloridilana.com,color|idilana,colori|dilana,colori|di|lana
1038,47089,brilolifestyles.com,brilo|life|styles,brilo|lifestyles,brilo|lifestyles
1040,66113,deqianjiaoyu.com,de|qian|jiaoyu,deqian|jiaoyu,de|qian|jiaoyu
1046,38884,afrastheticsforyourworld.com,afrasthetics|for|your|world,afr|asthetics|for|your|world,afras|thetics|for|your|world
1050,40330,jaiohare.com,jai|ohare,jaio|hare,jai|ohare
1059,73844,e-clipsmedia.com,e|clips|media,eclips|media,e|clips|media
1063,84542,halfloween.com,half|loween,halfloween,half|loween
1070,92360,jundoss.com,jun|doss,jundoss,jun|doss
1072,18832,idnet-nl.com,idnet|nl,id|net|nl,id|net|nl
1073,44574,bbet9119.com,bbet9119,b|bet|9119,bbet|9119
1077,64090,geldtraum.com,geldtraum,geld|traum,geld|traum
1082,17299,avconamerica.com,av|con|america,avcon|america,avcon|america
1090,71841,108underwear.com,108|under|wear,108|underwear,108|underwear
1097,50062,comprarcocheenibiza.com,comprar|cocheen|ibiza,comprar|coche|en|ibiza,comprar|coche|en|ibiza
1101,93927,amys-pfotenfreunde.com,amys|pfotenfreunde,amys|pfoten|freunde,amys|pfoten|freunde
1104,44803,ageetvie.com,ageet|vie,age|et|vie,age|et|vie
1116,38842,commrefrigconslaz.com,commrefrigconslaz,comm|refrig|conslaz,comm|refrig|conslaz
1117,43335,abcdeforex.com,abcde|forex,abcdef|orex,abc|de|forex
1120,86688,inspectisgroup.com,inspect|is|group,inspectis|group,inspect|is|group
1136,40889,fororutas.com,for|orutas,fororutas,foro|rutas
1145,89243,itborna.com,itborna,it|borna,it|borna
1150,14522,jara2000.com,jara|2000,jara2000,jara|2000
1151,96756,devinnunesyoutube.com,devin|nunes|youtube,devinnunes|youtube,devin|nunes|youtube
1159,72367,glenmaryfarms.com,glen|mary|farms,glenmary|farms,glen|mary|farms
1160,54141,byganz.com,byganz,by|ganz,by|ganz
1178,37669,dashesy.com,dash|esy,dashesy,dash|esy
1183,95914,juliagrandeart.com,julia|grandeart,julia|grande|art,julia|grande|art
1185,19231,coghillmedia.com,cog|hill|media,coghill|media,cog|hill|media
1190,21842,autosdeportivosdelujo.com,autos|deportivos|delujo,autos|deportivos|de|lujo,autos|de|portivos|del|ujo
1195,35922,astrologerparmeshwar.com,astrologer|parmesh|war,astrologer|parmeshwar,astrologer|parmeshwar
1214,70445,carsmiami-rents.com,cars|miami|rents,carsmiami|rents,cars|miami|rents
1216,68143,boislaurentien.com,bois|laurent|ien,bois|laurentien,bois|laurentien
1218,51577,areacode-jp.com,area|code|jp,areacode|jp,area|code|jp
1223,24537,dinfremtid.com,dinfremtid,din|fremtid,din|fremtid
1224,78945,baseball-store.com,base|ball|store,baseball|store,baseball|store
1230,68446,jesuisbeau.com,jesuis|beau,jesu|is|beau,je|suis|beau
1238,8157,cosslong.com,cosslong,coss|long,coss|long
1240,12049,gragnanofood.com,grag|nano|food,gragnano|food,gragnano|food
1242,70565,bancoitauconsignadossa.com,ban|coitau|con|signa|dossa,banco|itau|consignados|sa,banco|itau|consignados|sa
1243,9876,effalldebt.com,effall|debt,eff|all|debt,eff|all|debt
1247,82115,fivediamondsedanservice.com,five|diamond|sedan|service,five|diamonds|edan|service,five|diamond|sedan|service
1248,8170,5wuma.com,5wuma,5w|uma,5|wuma
1249,83525,ibsbelladc.com,ibs|bell|adc,ibs|bella|dc,ibs|bella|dc
1251,56794,headwaterinfo.com,head|water|info,headwater|info,head|water|info
1255,91505,bellounette.com,bell|ounette,bello|unette,bello|unette
1264,18952,allmetsafetytools.com,allmet|safety|tools,all|met|safety|tools,all|met|safety|tools
1266,13868,didaoxian.com,didao|xian,didaoxian,didao|xian
1272,38463,almostaghfirmobile.com,almost|aghfir|mobile,almost|agh|firm|obile,almost|agh|firm|mobile
1280,9986,ibonetxebeste.com,ibonetxebeste,ibone|txebeste,ibone|txebeste
1284,28672,getecosystem.com,get|eco|system,get|ecosystem,get|ecosystem
1288,5506,danielepillittu.com,daniel|e|pillittu,daniele|pillittu,daniele|pillittu
1290,248,fnnow.com,fnnow,fn|now,fn|now
1295,60531,hugorhill.com,hug|or|hill,hugo|r|hill,hugor|hill
1296,4454,aiamaine.com,aiamaine,aia|maine,aia|maine
1298,26572,airconditionerslahabra.com,air|conditioners|lahabra,air|conditioners|la|habra,air|conditioners|la|habra
1301,66151,indilisa.com,indilisa,indi|lisa,indilisa
1304,65995,bacbtu.com,bacbtu,bac|btu,bac|btu
1310,7260,aliexbest.com,ali|exbest,aliex|best,ali|ex|best
1317,14009,cajavus.com,cajavus,caja|vus,caja|vus
1327,63453,ingdna.com,ingdna,ing|dna,ing|dna
1329,19827,hf88888vip2.com,hf|88888|vip|2,hf88888|vip|2,hf|88888|vip2
1333,5267,barzito.com,bar|zito,barzito,bar|zito
1335,79408,colorleaf-craft.com,color|leaf|craft,colorleaf|craft,color|leaf|craft
1344,36071,cheryltbo.com,cheryl|t|bo,cheryl|tbo,cheryl|tbo
1349,13809,bitradehm.com,bit|radehm,bitradehm,bit|rade|hm
1359,16551,igrowaz.com,igrowaz,i|grow|az,i|grow|az
1362,12778,casangladabenasque.com,casangla|dabenasque,casa|nglada|benasque,casa|nglada|benasque
1366,46280,avivitdesign.com,avi|vit|design,avivit|design,avi|vit|design
1383,48770,atc86.com,atc|86,atc86,atc|86
1387,10729,alboeyewear.com,albo|eye|wear,albo|eyewear,albo|eyewear
1392,93154,dolgulusimit.com,dolgulus|imit,dolgulu|simit,dol|gulu|sim|it
1395,8899,engyluz.com,eng|y|luz,engy|luz,engy|luz
1396,93591,functionalmedjumpstart.com,functional|med|jump|start,functional|med|jumpstart,functional|med|jumpstart
1399,53695,averhealh.com,averhealh,aver|healh,aver|heal|h
1400,86992,baizhi178.com,baizhi|178,baizhi178,baizhi|178
1401,70472,jiaxunsy.com,jia|xunsy,jiaxunsy,jiax|un|sy
1406,82895,busfactorpodcast.com,bus|factor|pod|cast,bus|factor|podcast,bus|factor|podcast
1408,62910,gftab.com,gftab,gf|tab,gf|tab
1409,53182,basisplaatventielen.com,basis|plaatventielen,basisplaat|ventielen,basis|plaat|ventielen
1410,60870,hanindersachdeva.com,hanindersachdeva,haninder|sachdeva,haninder|sach|deva
1420,11770,315huojia.com,315|huo|jia,315|huojia,315|huojia
1428,70704,equipemadore.com,equip|emadore,equipe|madore,equipe|madore
1444,43229,hbhideaway.com,hb|hide|away,hb|hideaway,hb|hideaway
1445,3859,betball90-d.com,bet|ball|90|d,bet|ball|90-d,bet|ball|90|d
1446,74805,buyezmessenger.com,buyez|messenger,buy|ez|messenger,buy|ez|messenger
1447,94890,esmanumanovic.com,esmanumanovic,esma|numanovic,es|manu|man|ovic
1453,55753,csvrxviagra.com,csvrx|viagra,csv|rx|viagra,csv|rx|viagra
1464,33649,insurancecoveragehelpline.com,insurance|coverage|help|line,insurance|coverage|helpline,insurance|coverage|helpline
1472,5857,dusarishaadi.com,dusarishaadi,dusar|ishaadi,dusa|risha|adi
1484,25584,duodtea.com,duod|tea,duo|d|tea,duo|d|tea
1485,77580,diamond.tisanepal.com,diamond|tisanepal,diamond|tisane|pal,diamond|tisane|pal
1486,11396,exlash.com,exlash,ex|lash,ex|lash
1488,84950,crosssellapp.com,crosssell|app,cross|sell|app,cross|sell|app
