Guidelines,,,
"1. Try your best to segment each domain into its component words (there are multiple ""correct"" segmentations)
2. The Segmentation column contains the domain names with the "".com"" removed.
3. To segment a domain, place ""|"" characters in between the words in the Segmentation column. Do not place a ""|"" at the beginning of the first word or
the end of the last word
4. In the English? (Yes/No) column, please indicate whether you believe that the domain name consists of English words.
5. The sample of domain names has been filtered using a blacklist of offensive terms, but some offensive domain names may have been missed by the filter. 
If you encounter any offensive domain names, please delete the corresponding row.

If you have any questions, please email: leandr@oregonstate.edu

Thank you for your time!",,,
Edge Case Rules,,,
"1. When 2 words share a substring, place the ""|"" at the end of the first word.
2. Treat strings of random characters as a single word.
3. Remove delimiters dashes and underscores.
4. ""Made-up"" words (eg. brand names) should be treated as a single word. 
5. Segment compound words into their component words.",,,
Examples,,,
,Domain Name,Segmentation,
Ex. 1,bejeweledesigns.com,bejeweled|esigns,
Ex. 2,ge19pd9ldn82l55quqntfmuj05gccdr0.com,ge19pd9ldn82l55quqntfmuj05gccdr0,
Ex. 3,hatsu-no.com,hatsu|no,
Ex. 4,affinergy.com,affinergy,
Ex. 5,somewhere.com,some|where,
Start Here,,,
,Domain Name,Segmentation,English? (Yes/No)
99968,digiweb360.com,digiweb360,Yes
19557,alovingpracticetherapy.com,alovingpracticetherapy,Yes
87542,hillstrom.com,hillstrom,Yes
35321,joecjohnson.com,joecjohnson,Yes
48347,imaco-products-solutions.com,imaco-products-solutions,Yes
54759,dogtrainerfortmyers.com,dogtrainerfortmyers,Yes
60008,bstcoins.com,bstcoins,Yes
20968,elpayasodelasventas.com,elpayasodelasventas,Yes
5675,hitscreeningservice.com,hitscreeningservice,Yes
40637,iborrahnos.com,iborrahnos,Yes
66669,agapedaycareandlearningcenter.com,agapedaycareandlearningcenter,Yes
63904,avanzamail.com,avanzamail,Yes
23259,churchhilldownsincorporated.com,churchhilldownsincorporated,Yes
96156,artstephano.com,artstephano,Yes
44947,e-faceboo0.com,e-faceboo0,Yes
5920,fedecopa.com,fedecopa,Yes
54366,federicobonifazi.com,federicobonifazi,Yes
7808,bell-theatre.com,bell-theatre,Yes
85423,agroribera.com,agroribera,Yes
91011,instijlmedia.com,instijlmedia,Yes
95123,grangeoutpost.com,grangeoutpost,Yes
61528,integrativebodybalance.com,integrativebodybalance,Yes
16297,jonanmoimportaciones.com,jonanmoimportaciones,Yes
28400,enfinjevaisbien.com,enfinjevaisbien,Yes
80675,allproasphalt3.com,allproasphalt3,Yes
98573,ginestreeservice.com,ginestreeservice,Yes
2214,igomyway.com,igomyway,Yes
56993,fishermcrae.com,fishermcrae,Yes
91536,gbccms.com,gbccms,Yes
70723,capital-cnc.com,capital-cnc,Yes
59006,encanducollectionneur.com,encanducollectionneur,Yes
91834,jonathanfarran.com,jonathanfarran,Yes
224,fosmore.com,fosmore,Yes
41793,amiratravelagency.com,amiratravelagency,Yes
55822,concreteefficiency.com,concreteefficiency,Yes
26058,ams20test.com,ams20test,Yes
48617,bet5322.com,bet5322,Yes
76192,intelligentautomobiles.com,intelligentautomobiles,Yes
57302,cotesia.com,cotesia,Yes
42286,claremontcandles.com,claremontcandles,Yes
84244,calcarios.com,calcarios,Yes
96066,continentie-expert.com,continentie-expert,Yes
81959,fidalsl.com,fidalsl,Yes
39492,etthundra.com,etthundra,Yes
70199,clootique.com,clootique,Yes
2036,aiiagroup.com,aiiagroup,Yes
42168,clermontacrylicwindows.com,clermontacrylicwindows,Yes
955,doncowansellssumter.com,doncowansellssumter,Yes
7586,agorabuilt.com,agorabuilt,Yes
50698,5minutesbody.com,5minutesbody,Yes
21285,i-popai.com,i-popai,Yes
25476,fountainbleaulasvegas.com,fountainbleaulasvegas,Yes
70431,everettcomputerepair.com,everettcomputerepair,Yes
10135,emfdefence.com,emfdefence,Yes
22411,cointradegenius.com,cointradegenius,Yes
29669,daisyscreations-sa.com,daisyscreations-sa,Yes
2193,brazilianweightloss2024.com,brazilianweightloss2024,Yes
10679,bouyssi.com,bouyssi,Yes
59651,jfrcontracting.com,jfrcontracting,Yes
33832,barrfinancialplanning.com,barrfinancialplanning,Yes
47317,gnomenets.com,gnomenets,Yes
6278,agidental.com,agidental,Yes
66320,erxbonus1.com,erxbonus1,Yes
96907,doctor-eliseo.com,doctor-eliseo,Yes
74471,activrecruitment.com,activrecruitment,Yes
85908,bodygearlabs.com,bodygearlabs,Yes
67501,estuditres.com,estuditres,Yes
62878,consultationyard.com,consultationyard,Yes
1670,hainamship.com,hainamship,Yes
92877,gruponef.com,gruponef,Yes
76042,davsdenim.com,davsdenim,Yes
90447,fineartroyal.com,fineartroyal,Yes
32804,jeepmidlandssc.com,jeepmidlandssc,Yes
83384,aotngc.com,aotngc,Yes
49565,decentralizingai.com,decentralizingai,Yes
24774,68csn.com,68csn,Yes
89944,advogadameggielecioli.com,advogadameggielecioli,Yes
44448,deniy.com,deniy,Yes
89824,d71rhsc2jqmur6ih9udfi9vpmm5cn1mc.com,d71rhsc2jqmur6ih9udfi9vpmm5cn1mc,Yes
37059,brightwoman.com,brightwoman,Yes
42635,harbolo.com,harbolo,Yes
8030,contractorsnorthwest.com,contractorsnorthwest,Yes
55456,chicoboutique.com,chicoboutique,Yes
11350,avpachealth.com,avpachealth,Yes
82471,gentech-films.com,gentech-films,Yes
9147,grupodelco.com,grupodelco,Yes
93278,cw-dig.com,cw-dig,Yes
36083,doctorlilab.com,doctorlilab,Yes
40093,cnet-opticiens.com,cnet-opticiens,Yes
26889,fountainhillsrental.com,fountainhillsrental,Yes
99281,hidrototal.com,hidrototal,Yes
89523,asrlog.com,asrlog,Yes
81640,cropgenius.com,cropgenius,Yes
42631,dollarsforsense.com,dollarsforsense,Yes
91231,chadla.com,chadla,Yes
8524,apptuto.com,apptuto,Yes
80742,189136.com,189136,Yes
7762,1am5ceqao00eph556fv4606msh16d7v5.com,1am5ceqao00eph556fv4606msh16d7v5,Yes
31197,encouragementmonday.com,encouragementmonday,Yes
68602,innovativetechs.com,innovativetechs,Yes
74071,acchanto.com,acchanto,Yes
13488,fullofitfarm.com,fullofitfarm,Yes
65656,cleous.com,cleous,Yes
36384,aliciajhatch.com,aliciajhatch,Yes
70689,anderillium.com,anderillium,Yes
14616,diandd.com,diandd,Yes
54956,grandamalfi.com,grandamalfi,Yes
39965,canvaults.com,canvaults,Yes
86440,eventbrites.com,eventbrites,Yes
11832,atshero.com,atshero,Yes
78267,general-humanoid-robot.com,general-humanoid-robot,Yes
81629,anvilleaux.com,anvilleaux,Yes
48907,deafvpdating.com,deafvpdating,Yes
67613,953674.com,953674,Yes
36661,getpictureit.com,getpictureit,Yes
94310,dominicchambersstudiollc.com,dominicchambersstudiollc,Yes
12358,1wweb.com,1wweb,Yes
71371,havasulionsfc.com,havasulionsfc,Yes
94775,caefinecarpentry.com,caefinecarpentry,Yes
72215,bertrandfineart.com,bertrandfineart,Yes
5135,finalstrands.com,finalstrands,Yes
19585,adaoui.com,adaoui,Yes
11078,forcecoqa.com,forcecoqa,Yes
47627,cadi-plus.com,cadi-plus,Yes
34447,ibarraelectrical.com,ibarraelectrical,Yes
35595,infosqueezer.com,infosqueezer,Yes
48226,discountforunions.com,discountforunions,Yes
10548,intclintrial.com,intclintrial,Yes
58356,collectionbgone.com,collectionbgone,Yes
78060,atmconverter.com,atmconverter,Yes
63510,emilyesmith.com,emilyesmith,Yes
95265,andhralivetv.com,andhralivetv,Yes
74420,imv-usa.com,imv-usa,Yes
63492,don-law.com,don-law,Yes
44257,egotrim.com,egotrim,Yes
82268,jlconstrutic.com,jlconstrutic,Yes
18872,jasongallicchio.com,jasongallicchio,Yes
32778,doorproperty.com,doorproperty,Yes
27615,ddz40.com,ddz40,Yes
51028,hesabdarisanati.com,hesabdarisanati,Yes
88004,bashbrawl.com,bashbrawl,Yes
83017,intelligentsecuritysc.com,intelligentsecuritysc,Yes
70261,americancountryoutdoors.com,americancountryoutdoors,Yes
77590,apartmentsneeded.com,apartmentsneeded,Yes
58650,claddingdirects.com,claddingdirects,Yes
28421,bathroomsontap.com,bathroomsontap,Yes
79303,dragonheadpress.com,dragonheadpress,Yes
73348,jgonzdesigns.com,jgonzdesigns,Yes
49847,ai-chatgpt3.com,ai-chatgpt3,Yes
85895,done6.com,done6,Yes
54882,healthyfitandthriving.com,healthyfitandthriving,Yes
64151,amanda-gahan.com,amanda-gahan,Yes
54701,cantaiyi.com,cantaiyi,Yes
88215,discoverwest.com,discoverwest,Yes
21289,diagnostictestingcenters.com,diagnostictestingcenters,Yes
84152,diltswetzel.com,diltswetzel,Yes
50950,aspectvu.com,aspectvu,Yes
78873,firestarterfx.com,firestarterfx,Yes
59813,ecofillbins.com,ecofillbins,Yes
46892,iairawards.com,iairawards,Yes
97911,jacobboydston.com,jacobboydston,Yes
99030,awaywithwordsbrands.com,awaywithwordsbrands,Yes
3272,indeedapplyonlinejobs.com,indeedapplyonlinejobs,Yes
30719,37058.com,37058,Yes
21971,beyondthrilled.com,beyondthrilled,Yes
31707,italyquestions.com,italyquestions,Yes
83931,dtoolbox2.com,dtoolbox2,Yes
80681,iactivateliveapp.com,iactivateliveapp,Yes
47481,huitongnian.com,huitongnian,Yes
96962,davinci3dengine.com,davinci3dengine,Yes
15005,journeywus.com,journeywus,Yes
25125,arealtrading.com,arealtrading,Yes
7668,glowwithgia.com,glowwithgia,Yes
72567,gentlesleepfamily.com,gentlesleepfamily,Yes
24634,artisan-recordingstudio.com,artisan-recordingstudio,Yes
51556,dough-sheeter.com,dough-sheeter,Yes
18417,drivernomadoguchi.com,drivernomadoguchi,Yes
52456,fauxstr8.com,fauxstr8,Yes
30667,gdcqt.com,gdcqt,Yes
87922,dataohumility.com,dataohumility,Yes
84828,femaoutfitters.com,femaoutfitters,Yes
36388,fraximsearch.com,fraximsearch,Yes
74002,elmiria.com,elmiria,Yes
31406,heavenation.com,heavenation,Yes
25966,contactaga.com,contactaga,Yes
86741,fishingprints.com,fishingprints,Yes
25197,cl-bcn.com,cl-bcn,Yes
80652,ccninos.com,ccninos,Yes
67026,gelsetgrafica.com,gelsetgrafica,Yes
27858,affectux.com,affectux,Yes
21338,aloha234slot.com,aloha234slot,Yes
75212,cbreric.com,cbreric,Yes
32437,cardiometabolicsummit2024.com,cardiometabolicsummit2024,Yes
22253,emersonwatts.com,emersonwatts,Yes
90418,f61qv88.com,f61qv88,Yes
70037,foodfreezedryers.com,foodfreezedryers,Yes
44336,berrodagua.com,berrodagua,Yes
33999,columbusnewsonline.com,columbusnewsonline,Yes
46680,brunachagasarquitetura.com,brunachagasarquitetura,Yes
34795,immocards.com,immocards,Yes
50168,jstransition.com,jstransition,Yes
59792,infinixtcoin.com,infinixtcoin,Yes
22921,inotherwordse.com,inotherwordse,Yes
32322,beeniesicecream.com,beeniesicecream,Yes
28100,buymyrbetriqonline.com,buymyrbetriqonline,Yes
22925,dayoutdoors.com,dayoutdoors,Yes
81074,appresonate.com,appresonate,Yes
52777,carreramiahaysalida.com,carreramiahaysalida,Yes
55495,atsirecovery.com,atsirecovery,Yes
23188,jacomforts.com,jacomforts,Yes
82922,exceptionalleaders.com,exceptionalleaders,Yes
74621,ganda88login.com,ganda88login,Yes
43128,evggds.com,evggds,Yes
26656,aiyou152.com,aiyou152,Yes
57353,b4byte.com,b4byte,Yes
59036,decordeets.com,decordeets,Yes
11470,avanipluspalmdubais.com,avanipluspalmdubais,Yes
30171,espectopatronum.com,espectopatronum,Yes
14298,datascience247.com,datascience247,Yes
24351,enchantedstylesva.com,enchantedstylesva,Yes
9936,bluexor.com,bluexor,Yes
38235,joefoot.com,joefoot,Yes
15556,activeleteathletics.com,activeleteathletics,Yes
82027,fa90.com,fa90,Yes
39877,h0lpjpnlgen44i3dldpmhjns4m2l6bfh.com,h0lpjpnlgen44i3dldpmhjns4m2l6bfh,Yes
70224,jccrichmond.com,jccrichmond,Yes
65376,careersuccessaus.com,careersuccessaus,Yes
99576,cwellis.com,cwellis,Yes
8058,geofencetag.com,geofencetag,Yes
78718,jessieannebrunson.com,jessieannebrunson,Yes
61145,belairmvp.com,belairmvp,Yes
93546,botsaigonreadymix.com,botsaigonreadymix,Yes
61464,gardineranderson.com,gardineranderson,Yes
45314,britisbulls.com,britisbulls,Yes
56102,btbtextile.com,btbtextile,Yes
34389,7fugame.com,7fugame,Yes
91116,cpcapv.com,cpcapv,Yes
58904,floor911.com,floor911,Yes
53871,domimmo-transaction.com,domimmo-transaction,Yes
28904,br-777.com,br-777,Yes
48594,agorathlon.com,agorathlon,Yes
6468,aibrainspace.com,aibrainspace,Yes
44657,birstacity.com,birstacity,Yes
4285,herdoglife.com,herdoglife,Yes
68563,justindumanlee.com,justindumanlee,Yes
52382,bosgadangdev.com,bosgadangdev,Yes
68048,f3f1.com,f3f1,Yes
1493,1888getsbli.com,1888getsbli,Yes
57572,8035888.com,8035888,Yes
44529,attentivegoods.com,attentivegoods,Yes
60627,gowerdclove.com,gowerdclove,Yes
69461,badcinderellathemusical.com,badcinderellathemusical,Yes
1962,airesyelectrodomesticos.com,airesyelectrodomesticos,Yes
8070,gritandlearning.com,gritandlearning,Yes
13056,alpilahaircare.com,alpilahaircare,Yes
38674,ishaanmehra.com,ishaanmehra,Yes
73355,jobsload.com,jobsload,Yes
46825,apcargill.com,apcargill,Yes
19879,extreemgolfen.com,extreemgolfen,Yes
43526,donttouchmyclothing.com,donttouchmyclothing,Yes
44361,beyondthebathroom.com,beyondthebathroom,Yes
44944,agustinpisonero.com,agustinpisonero,Yes
25742,ds-students.com,ds-students,Yes
22137,939yf.com,939yf,Yes
43900,geologxl.com,geologxl,Yes
59581,contentnowaiting.com,contentnowaiting,Yes
33741,doxaservices.com,doxaservices,Yes
4067,auerdicocreative.com,auerdicocreative,Yes
99794,9u0q41vo04c878ei4u9dug4g6jsof9cq.com,9u0q41vo04c878ei4u9dug4g6jsof9cq,Yes
13228,bodiiu.com,bodiiu,Yes
46209,egamecn.com,egamecn,Yes
64431,buggaworld.com,buggaworld,Yes
90482,cnyingpi.com,cnyingpi,Yes
46256,atijarigestion.com,atijarigestion,Yes
26688,chiefivey.com,chiefivey,Yes
90059,84f6d0ji6tma45m7gv89ficlr4ccvvt0.com,84f6d0ji6tma45m7gv89ficlr4ccvvt0,Yes
58253,cahillroofingnh.com,cahillroofingnh,Yes
69049,extaselingerie.com,extaselingerie,Yes
65756,familytreeclinic.com,familytreeclinic,Yes
14701,anandaconecta.com,anandaconecta,Yes
22830,bbwd.com,bbwd,Yes
30530,arabcofarm.com,arabcofarm,Yes
14866,buntinginspections.com,buntinginspections,Yes
99475,church-brothers.com,church-brothers,Yes
13199,aquatechboats.com,aquatechboats,Yes
53161,constructiondmb.com,constructiondmb,Yes
25891,festijo.com,festijo,Yes
26842,5j5ja1.com,5j5ja1,Yes
29987,jessehazel.com,jessehazel,Yes
90004,30acostablanca.com,30acostablanca,Yes
58036,foundertouch.com,foundertouch,Yes
75160,acvacars.com,acvacars,Yes
65260,compensacionaltrabajadornc.com,compensacionaltrabajadornc,Yes
29766,judyasman1.com,judyasman1,Yes
53994,advancedlaserbeauty.com,advancedlaserbeauty,Yes
88276,foreignfeelinzapparel.com,foreignfeelinzapparel,Yes
95585,iconevcartparts.com,iconevcartparts,Yes
69952,innovationbonfire.com,innovationbonfire,Yes
69460,executivechristianmatch.com,executivechristianmatch,Yes
70587,ht7uos0nu1nc89026o4bsc0g7md466fr.com,ht7uos0nu1nc89026o4bsc0g7md466fr,Yes
13367,eliterents004.com,eliterents004,Yes
81232,gobuzzz.com,gobuzzz,Yes
71981,2rqmflfon427sa301o50b247b0pp1ao9.com,2rqmflfon427sa301o50b247b0pp1ao9,Yes
28126,fancaptain.com,fancaptain,Yes
60645,headforpeace.com,headforpeace,Yes
14138,harvestsnooze.com,harvestsnooze,Yes
86868,cocoestudiocr.com,cocoestudiocr,Yes
1645,burlaceconstructions.com,burlaceconstructions,Yes
47372,bombayburitto.com,bombayburitto,Yes
17854,elviradavisinsurance.com,elviradavisinsurance,Yes
49225,ivfchemist.com,ivfchemist,Yes
35289,eileenandco.com,eileenandco,Yes
45277,jangsong.com,jangsong,Yes
8419,farmaciasdemalaga.com,farmaciasdemalaga,Yes
96559,1vendor.com,1vendor,Yes
10235,120agencyplan.com,120agencyplan,Yes
19235,bessielau.com,bessielau,Yes
3989,58saint.com,58saint,Yes
60666,audiovideotranscription.com,audiovideotranscription,Yes
37280,hrxjfc.com,hrxjfc,Yes
34798,barabasonline.com,barabasonline,Yes
30195,3wwxx.com,3wwxx,Yes
27255,cherylbaum.com,cherylbaum,Yes
40303,auenterprises.com,auenterprises,Yes
90800,bloomroadconsulting.com,bloomroadconsulting,Yes
44826,295633.com,295633,Yes
25528,ailingeries.com,ailingeries,Yes
48857,direct2enochs.com,direct2enochs,Yes
61432,deloittelabs.com,deloittelabs,Yes
54911,hq1110.com,hq1110,Yes
13926,digitalnurjahan.com,digitalnurjahan,Yes
91094,bcnbm0tqvoieujnd2gei8if1gt5ng7o5.com,bcnbm0tqvoieujnd2gei8if1gt5ng7o5,Yes
19656,collectorautomobiles.com,collectorautomobiles,Yes
92156,cashfinancialllc.com,cashfinancialllc,Yes
70537,1myfarm.com,1myfarm,Yes
32753,48660531.com,48660531,Yes
56463,csanimes.com,csanimes,Yes
74898,foodfitnessandlife.com,foodfitnessandlife,Yes
5520,dmvluxurycoach.com,dmvluxurycoach,Yes
20169,apureblisssalonanddayspa.com,apureblisssalonanddayspa,Yes
34467,huihuida.com,huihuida,Yes
30177,cast365.com,cast365,Yes
70460,bolichefilmes.com,bolichefilmes,Yes
76325,follettccp.com,follettccp,Yes
97739,jaxquotes.com,jaxquotes,Yes
13782,bellemonat.com,bellemonat,Yes
28716,clarencemanor.com,clarencemanor,Yes
89696,ibrahimandibrahim.com,ibrahimandibrahim,Yes
25713,discountedspray.com,discountedspray,Yes
2565,huaruiwm.com,huaruiwm,Yes
30523,customprintsnz.com,customprintsnz,Yes
89689,hg55278.com,hg55278,Yes
64797,amyrischemicals.com,amyrischemicals,Yes
43464,dontmanchinit.com,dontmanchinit,Yes
12304,botembetullochgroup.com,botembetullochgroup,Yes
39041,cheteatro.com,cheteatro,Yes
53627,dogtraineraugusta.com,dogtraineraugusta,Yes
61720,grtogether.com,grtogether,Yes
72883,ge19pd9ldn82l55quqntfmuj05gccdr0.com,ge19pd9ldn82l55quqntfmuj05gccdr0,Yes
26382,irlbach.com,irlbach,Yes
89439,chasityfortenberry.com,chasityfortenberry,Yes
34855,ericlingram.com,ericlingram,Yes
50455,080zy.com,080zy,Yes
14914,arechiga.com,arechiga,Yes
32418,anxacoaching.com,anxacoaching,Yes
16763,californiasba.com,californiasba,Yes
44560,decarbmyfootprint.com,decarbmyfootprint,Yes
16860,demcoelectrical.com,demcoelectrical,Yes
48831,cjelcreadorconstruction.com,cjelcreadorconstruction,Yes
41139,autorepairandsmog.com,autorepairandsmog,Yes
60230,floridamoldremediationpros.com,floridamoldremediationpros,Yes
33794,digitalconverters.com,digitalconverters,Yes
89881,familycenteroftempleterrace.com,familycenteroftempleterrace,Yes
90723,atomopt.com,atomopt,Yes
72934,hatsu-no.com,hatsu-no,Yes
5722,clevelandovereverything.com,clevelandovereverything,Yes
12966,auctoritasrecords.com,auctoritasrecords,Yes
72533,c-xm.com,c-xm,Yes
18835,judahgraham.com,judahgraham,Yes
1296,glagstudio.com,glagstudio,Yes
28376,conejosecurity.com,conejosecurity,Yes
5586,code-caapi.com,code-caapi,Yes
94942,activatesedomls.com,activatesedomls,Yes
73584,corefxcrm.com,corefxcrm,Yes
70835,bowtownh.com,bowtownh,Yes
13142,insidewindsor.com,insidewindsor,Yes
69510,discerning-taste.com,discerning-taste,Yes
69237,jonandhailey.com,jonandhailey,Yes
89802,decal-global.com,decal-global,Yes
19763,feelgood120.com,feelgood120,Yes
64390,eastmancpa.com,eastmancpa,Yes
87550,cdbenma.com,cdbenma,Yes
65443,evvaclip.com,evvaclip,Yes
94063,buyingdrip.com,buyingdrip,Yes
65739,dinaysm.com,dinaysm,Yes
62301,generaldynamicscareers.com,generaldynamicscareers,Yes
15762,almacenricoh.com,almacenricoh,Yes
75909,3b3o9ddj3091q58ci6faf75lvtmdb16l.com,3b3o9ddj3091q58ci6faf75lvtmdb16l,Yes
48383,aynurabbott.com,aynurabbott,Yes
12618,albuquerqueremote.com,albuquerqueremote,Yes
89541,duxinlan.com,duxinlan,Yes
36789,fvgrth46722.com,fvgrth46722,Yes
4774,bestgoalmovers.com,bestgoalmovers,Yes
6489,filmapes.com,filmapes,Yes
13100,gujarat360.com,gujarat360,Yes
32075,decarbintelligence.com,decarbintelligence,Yes
72126,ghanainvesttour.com,ghanainvesttour,Yes
29927,fly-wild.com,fly-wild,Yes
78001,aaadiamondrings.com,aaadiamondrings,Yes
40631,fittszehl.com,fittszehl,Yes
29280,cenizowildlife.com,cenizowildlife,Yes
32000,42394.com,42394,Yes
44197,blissestheticsllc.com,blissestheticsllc,Yes
25781,containergarages-usa.com,containergarages-usa,Yes
15757,bjsgwce.com,bjsgwce,Yes
70538,doggydayjobs.com,doggydayjobs,Yes
59041,durbec.com,durbec,Yes
64163,creazionebijoux.com,creazionebijoux,Yes
33861,aguglobal.com,aguglobal,Yes
26464,ag3239.com,ag3239,Yes
10476,firstmemorialduncan.com,firstmemorialduncan,Yes
29042,carspictures.com,carspictures,Yes
73737,alltogether-entrepreneurship.com,alltogether-entrepreneurship,Yes
23459,aqueumconsultancy.com,aqueumconsultancy,Yes
1832,iglesiarestauracolombia.com,iglesiarestauracolombia,Yes
60152,8yus.com,8yus,Yes
92543,dazber.com,dazber,Yes
54751,actifout.com,actifout,Yes
19652,jumblebundle.com,jumblebundle,Yes
86026,hiddenwiregroup.com,hiddenwiregroup,Yes
88317,darqpensar.com,darqpensar,Yes
36435,abbyfarhat.com,abbyfarhat,Yes
47885,armurerie-tpc.com,armurerie-tpc,Yes
86117,evanrwilson.com,evanrwilson,Yes
90028,joyfulwaves.com,joyfulwaves,Yes
8630,jequieimprensa.com,jequieimprensa,Yes
69763,helenlab.com,helenlab,Yes
41596,edgewoodinsus.com,edgewoodinsus,Yes
78711,aphroditeslounge.com,aphroditeslounge,Yes
52349,ifixstorepr.com,ifixstorepr,Yes
14257,aureuslab.com,aureuslab,Yes
61101,cristina-oatley.com,cristina-oatley,Yes
45667,jiaosemrmf.com,jiaosemrmf,Yes
35666,ebusinessintegrator.com,ebusinessintegrator,Yes
24306,boolytics.com,boolytics,Yes
62683,agrihn.com,agrihn,Yes
51569,faroojbeirut.com,faroojbeirut,Yes
10338,ferriscompany.com,ferriscompany,Yes
30681,districtofcolumbiaincorporation.com,districtofcolumbiaincorporation,Yes
22928,autoodorblaster.com,autoodorblaster,Yes
21027,gembaistanbul.com,gembaistanbul,Yes
8711,5m12s4q8qr72blrcbsmo07illrsqphbv.com,5m12s4q8qr72blrcbsmo07illrsqphbv,Yes
91586,hunnyb.com,hunnyb,Yes
93011,firstaim.com,firstaim,Yes
27794,creativehanddesign.com,creativehanddesign,Yes
88212,hameau-podvin.com,hameau-podvin,Yes
6152,chanceinfinie.com,chanceinfinie,Yes
77991,amegatechnologies.com,amegatechnologies,Yes
31612,delavuellc.com,delavuellc,Yes
73160,fortworthdentalimplantcenter.com,fortworthdentalimplantcenter,Yes
77744,antorchasperu.com,antorchasperu,Yes
22939,boilervatenexpert.com,boilervatenexpert,Yes
54221,haciendadelmarcr.com,haciendadelmarcr,Yes
56000,franevolution.com,franevolution,Yes
15523,hgch2vgtasn468mh9gbt4d1gjmfr3vus.,hgch2vgtasn468mh9gbt4d1gjmfr3,Yes
77608,iamvellb.com,iamvellb,Yes
20512,agu-boz3c.com,agu-boz3c,Yes
20125,expococha.com,expococha,Yes
12312,bigbluefranchising.com,bigbluefranchising,Yes
82523,hyundaidept.com,hyundaidept,Yes
67742,destinoatleta.com,destinoatleta,Yes
98842,emelinelabat.com,emelinelabat,Yes
48403,cayetanaspalmeritas.com,cayetanaspalmeritas,Yes
76945,74233.com,74233,Yes
60552,518area.com,518area,Yes
27658,designerretainer.com,designerretainer,Yes
15435,isabellaadamsart.com,isabellaadamsart,Yes
24399,cvcprs.com,cvcprs,Yes
94691,juliaysergiosecasan.com,juliaysergiosecasan,Yes
81518,barbarawester.com,barbarawester,Yes
25145,digitalsellersacademycourse.com,digitalsellersacademycourse,Yes
67568,brightterm.com,brightterm,Yes
71170,getfree4u.com,getfree4u,Yes
42480,afftour.com,afftour,Yes
49071,arbyfs.com,arbyfs,Yes
99760,curvesandsun.com,curvesandsun,Yes
66026,ferrisellis.com,ferrisellis,Yes
96297,autosenergy.com,autosenergy,Yes
40902,cascadewell.com,cascadewell,Yes
59786,fef31641t5s.com,fef31641t5s,Yes
32751,herchichair.com,herchichair,Yes
34580,acuityplusmentalhealth.com,acuityplusmentalhealth,Yes
8736,bloomnutritionist.com,bloomnutritionist,Yes
87020,chateau-st-laurent.com,chateau-st-laurent,Yes
84891,drrichardhatfieldmd.com,drrichardhatfieldmd,Yes
28581,banditzllc.com,banditzllc,Yes
61590,cualuoihaithi.com,cualuoihaithi,Yes
61644,indirimpy.com,indirimpy,Yes
4331,9to5yourway.com,9to5yourway,Yes
74852,creatividadysalud.com,creatividadysalud,Yes
35338,airwuliu.com,airwuliu,Yes
53441,chs-student.com,chs-student,Yes
30134,iichajd.com,iichajd,Yes
33725,informaticasicurezza.com,informaticasicurezza,Yes
49352,allianceoverseas.com,allianceoverseas,Yes
49506,cruisepiratesclub.com,cruisepiratesclub,Yes
21373,jamesflorentino.com,jamesflorentino,Yes
77070,farmcoinc.com,farmcoinc,Yes
40023,cafeayv.com,cafeayv,Yes
14224,cavcocanvas.com,cavcocanvas,Yes
73076,2701riverhillsroad.com,2701riverhillsroad,Yes
45714,evcharge4free.com,evcharge4free,Yes
14613,bocadoor.com,bocadoor,Yes
47413,instantbeema.com,instantbeema,Yes
50068,b-daman.com,b-daman,Yes
53687,ironwoodband.com,ironwoodband,Yes
37949,helpponouto.com,helpponouto,Yes
96014,funding1.com,funding1,Yes
79940,berniehsu.com,berniehsu,Yes
59394,atlprogress.com,atlprogress,Yes
70680,aurorafruit.com,aurorafruit,Yes
49327,costcoguru.com,costcoguru,Yes
54736,desinis.com,desinis,Yes
56863,iuncommon.com,iuncommon,Yes
18765,crontana.com,crontana,Yes
9247,16eg4hbm42a7hlmb9h6pf747p3lefa7d.com,16eg4hbm42a7hlmb9h6pf747p3lefa7d,Yes
60404,hybridclinician.com,hybridclinician,Yes
47145,alpeni.com,alpeni,Yes
23216,bd4254.com,bd4254,Yes
33251,hedera-garden.com,hedera-garden,Yes
71690,communautedugout.com,communautedugout,Yes
93590,elviesinn.com,elviesinn,Yes
10596,infinitybiologix.com,infinitybiologix,Yes
21258,didacti-todo.com,didacti-todo,Yes
25663,123planet.com,123planet,Yes
70296,gis-mu.com,gis-mu,Yes
39541,defilex.com,defilex,Yes
70313,curtiszimmerman.com,curtiszimmerman,Yes
91130,37brompton.com,37brompton,Yes
31773,johnmoriartyart.com,johnmoriartyart,Yes
82175,ferienwohnung-wf.com,ferienwohnung-wf,Yes
60890,abroadmilestones.com,abroadmilestones,Yes
27212,heiligegraal.com,heiligegraal,Yes
92232,jcqfilms.com,jcqfilms,Yes
7918,christianchenliu.com,christianchenliu,Yes
84529,cbandslandscaping.com,cbandslandscaping,Yes
97915,dougstoughenterprise.com,dougstoughenterprise,Yes
81050,cmd-e.com,cmd-e,Yes
84169,drttob.com,drttob,Yes
23057,encinitasmortgage.com,encinitasmortgage,Yes
53991,elenavalle.com,elenavalle,Yes
84657,doufi2.com,doufi2,Yes
86654,freemortgagepaymentcalculator.com,freemortgagepaymentcalculator,Yes
6728,codeoverfit.com,codeoverfit,Yes
29196,ceremoniesbyhayley.com,ceremoniesbyhayley,Yes
94977,ageless-longevity.com,ageless-longevity,Yes
24685,eliteperformancestudios.com,eliteperformancestudios,Yes
80479,ascottstarrewards.com,ascottstarrewards,Yes
35620,ambienceonline.com,ambienceonline,Yes
9421,idealprintingservice.com,idealprintingservice,Yes
98853,donandjamie.com,donandjamie,Yes
49069,empowersvces.com,empowersvces,Yes
82936,experiencetas.com,experiencetas,Yes
41371,axisequity.com,axisequity,Yes
50503,igrecrm.com,igrecrm,Yes
13327,beaboatdog.com,beaboatdog,Yes
66238,dilyano.com,dilyano,Yes
91796,gpzxzhjt.com,gpzxzhjt,Yes
12736,994791.com,994791,Yes
40177,ennerwebs.com,ennerwebs,Yes
35876,belron-tmd2test.com,belron-tmd2test,Yes
31962,6699587.com,6699587,Yes
70478,indiancaregiver.com,indiancaregiver,Yes
41961,gfibelgium.com,gfibelgium,Yes
15098,emacoaches.com,emacoaches,Yes
92319,arabianpeca.com,arabianpeca,Yes
33731,donatesphere.com,donatesphere,Yes
8765,estipreneurship.com,estipreneurship,Yes
94678,immunomedics-gilead.com,immunomedics-gilead,Yes
67523,gffoundations.com,gffoundations,Yes
21937,ahfeelsgood.com,ahfeelsgood,Yes
53765,jrtires.com,jrtires,Yes
20762,autoblog.com,autoblog,Yes
1274,bellahalo.com,bellahalo,Yes
26655,ipne.com,ipne,Yes
30669,achimlelle.com,achimlelle,Yes
73328,advancedmycotech.com,advancedmycotech,Yes
38415,desertplumberssuncitywest.com,desertplumberssuncitywest,Yes
34691,asiaarchitects.com,asiaarchitects,Yes
7638,hltjmmj.com,hltjmmj,Yes
5461,evenements-actu.com,evenements-actu,Yes
88711,frameless-whiteboard.com,frameless-whiteboard,Yes
36708,cshjsy.com,cshjsy,Yes
72155,creatsie.com,creatsie,Yes
11282,hertztrailerrentalsite.com,hertztrailerrentalsite,Yes
1408,arpaymenthelp.com,arpaymenthelp,Yes
32678,eagsystems.com,eagsystems,Yes
68608,helixts.com,helixts,Yes
34035,intellabilling.com,intellabilling,Yes
55235,duecvccjc8srad7mpub4rpjjul8f1ucb.com,duecvccjc8srad7mpub4rpjjul8f1ucb,Yes
84437,espace-prana.com,espace-prana,Yes
13668,digitalprintbr.com,digitalprintbr,Yes
81548,itectt.com,itectt,Yes
26206,discoverymediaonline.com,discoverymediaonline,Yes
54491,fiqaoas6dve2l0qf582eqmjrj8bhuud5.com,fiqaoas6dve2l0qf582eqmjrj8bhuud5,Yes
85005,allthingsfoxvalley.com,allthingsfoxvalley,Yes
53629,deliverthisapp.com,deliverthisapp,Yes
69937,joelgavino.com,joelgavino,Yes
50277,ae3gidg3os1m84fjra1q7i23dromhcu6.com,ae3gidg3os1m84fjra1q7i23dromhcu6,Yes
72867,dateine.com,dateine,Yes
27717,batbnb.com,batbnb,Yes
16011,carbonwingz.com,carbonwingz,Yes
63571,davidpatey.com,davidpatey,Yes
69600,7853.com,7853,Yes
45692,chensizhe.com,chensizhe,Yes
7265,camoetc.com,camoetc,Yes
95394,europlayhub.com,europlayhub,Yes
8007,ep0lf8iaf07ofa0i0b420097nrrqis5g.com,ep0lf8iaf07ofa0i0b420097nrrqis5g,Yes
26924,hubcanopy.com,hubcanopy,Yes
89212,bizbuzzbyte.com,bizbuzzbyte,Yes
90614,b45064.com,b45064,Yes
1726,imsoanxious.com,imsoanxious,Yes
68750,comercialrupe.com,comercialrupe,Yes
95939,drfitnessint.com,drfitnessint,Yes
57304,ichigoutei.com,ichigoutei,Yes
13489,blanc-co.com,blanc-co,Yes
25155,ibizarec.com,ibizarec,Yes
48293,alchemyofresilience.com,alchemyofresilience,Yes
13653,frequencysocial.com,frequencysocial,Yes
33618,jellychameleon.com,jellychameleon,Yes
54450,jnvyavatmal.com,jnvyavatmal,Yes
38719,burgessadams.com,burgessadams,Yes
28642,golxmse.com,golxmse,Yes
50676,365wm95.com,365wm95,Yes
63343,gargleblastergames.com,gargleblastergames,Yes
24439,justlotus.com,justlotus,Yes
5163,circularletters.com,circularletters,Yes
45172,izcutie.com,izcutie,Yes
72028,ayuntamientodegelves.com,ayuntamientodegelves,Yes
37488,citylocalcommunity.com,citylocalcommunity,Yes
5601,efficientbranding.com,efficientbranding,Yes
31999,healingwithhumandesign.com,healingwithhumandesign,Yes
61414,getwinpartners.com,getwinpartners,Yes
82493,grubhubz.com,grubhubz,Yes
19661,enirgo.com,enirgo,Yes
44962,hildepr.com,hildepr,Yes
60892,astrangertowords.com,astrangertowords,Yes
86600,98444.com,98444,Yes
92792,briantruncali.com,briantruncali,Yes
37882,justnaturallyme.com,justnaturallyme,Yes
12305,155racing.com,155racing,Yes
79724,funnyfarmrenovation.com,funnyfarmrenovation,Yes
67674,atohio.com,atohio,Yes
51407,crosscultureinnovations.com,crosscultureinnovations,Yes
28026,endterrorism.com,endterrorism,Yes
67715,clasesenarrigorriaga.com,clasesenarrigorriaga,Yes
69196,justinsiris.com,justinsiris,Yes
23076,estesblue.com,estesblue,Yes
42337,jaggeddiamond.com,jaggeddiamond,Yes
28695,healthyhabitsvip.com,healthyhabitsvip,Yes
47898,barrieneurologyclinic.com,barrieneurologyclinic,Yes
83022,gcjigui.com,gcjigui,Yes
41511,brandingbarnd.com,brandingbarnd,Yes
31726,audreyanastasia.com,audreyanastasia,Yes
57287,estudiarlo.com,estudiarlo,Yes
10909,fastrrentals.com,fastrrentals,Yes
58717,emartmutual.com,emartmutual,Yes
21239,drzahrahatamzadeh.com,drzahrahatamzadeh,Yes
21147,floodstory.com,floodstory,Yes
82279,bagzladye-accessories2.com,bagzladye-accessories2,Yes
36448,cseasadmenerance.com,cseasadmenerance,Yes
32606,dilemmathegame.com,dilemmathegame,Yes
28039,extensivebs.com,extensivebs,Yes
28714,bluesurfgroup.com,bluesurfgroup,Yes
98249,expertqbadvisors.com,expertqbadvisors,Yes
89202,blueantcreative.com,blueantcreative,Yes
84899,5ov164ncd6j075nl6rnmti9lv2o2fsv6.com,5ov164ncd6j075nl6rnmti9lv2o2fsv6,Yes
63715,315320.com,315320,Yes
85974,handandhearttherapy.com,handandhearttherapy,Yes
53353,146press.com,146press,Yes
31379,cyclecraftco.com,cyclecraftco,Yes
95584,fullofeyes.com,fullofeyes,Yes
20781,heimscheid.com,heimscheid,Yes
40078,donovanswall.com,donovanswall,Yes
29886,celebchatbot.com,celebchatbot,Yes
54670,beehealthy.com,beehealthy,Yes
36606,elitelabdiamond.com,elitelabdiamond,Yes
514,coordinateursparentaux.com,coordinateursparentaux,Yes
9866,eddysattractions.com,eddysattractions,Yes
43800,ercupdates.com,ercupdates,Yes
22229,criticalwitness.com,criticalwitness,Yes
91057,imgevervalleyhealth.com,imgevervalleyhealth,Yes
84522,hallingers.com,hallingers,Yes
76016,eprnd.com,eprnd,Yes
76533,asdeliveryservice.com,asdeliveryservice,Yes
41638,fzshtgs.com,fzshtgs,Yes
62477,baoyfc.com,baoyfc,Yes
38665,contractorsteamllc.com,contractorsteamllc,Yes
6925,enziglow.com,enziglow,Yes
11670,catchr-guiding.com,catchr-guiding,Yes
52744,aquatechus.com,aquatechus,Yes
59918,jgw987.com,jgw987,Yes
23748,apogeeze.com,apogeeze,Yes
92695,heartothemountain.com,heartothemountain,Yes
90300,e-statevolando.com,e-statevolando,Yes
59145,fitprosdoneforyou.com,fitprosdoneforyou,Yes
94815,asterisies.com,asterisies,Yes
59632,bdjuniversal.com,bdjuniversal,Yes
26108,collectionsineurope.com,collectionsineurope,Yes
74569,ceylontrendy.com,ceylontrendy,Yes
37590,airepe-gz.com,airepe-gz,Yes
91789,artwye.com,artwye,Yes
82702,gerathemetalsmith.com,gerathemetalsmith,Yes
50866,diyfl.com,diyfl,Yes
4880,flfree.com,flfree,Yes
41666,eaglesyouthsports.com,eaglesyouthsports,Yes
75671,anaelearning.com,anaelearning,Yes
93824,hillsidefitness101.com,hillsidefitness101,Yes
77062,heolanicreations.com,heolanicreations,Yes
32046,aspenpdm.com,aspenpdm,Yes
66551,cosimogalluzzi.com,cosimogalluzzi,Yes
42474,beavercountyapartments.com,beavercountyapartments,Yes
76734,intimatemusicgroup.com,intimatemusicgroup,Yes
82045,codenameacacia.com,codenameacacia,Yes
29803,dropintotech.com,dropintotech,Yes
81816,6958xxx.com,6958xxx,Yes
90457,hdhuanwei.com,hdhuanwei,Yes
44078,hitspurist.com,hitspurist,Yes
52848,czjiu.com,czjiu,Yes
87332,c9mtestpage1.com,c9mtestpage1,Yes
3484,incubationbrands.com,incubationbrands,Yes
82448,jrlawgroup.com,jrlawgroup,Yes
48057,barber108.com,barber108,Yes
99274,demaddis.com,demaddis,Yes
25793,fromagier.com,fromagier,Yes
47959,instashem.com,instashem,Yes
91179,beverlyhillsaddress.com,beverlyhillsaddress,Yes
10928,hammondgowerserver.com,hammondgowerserver,Yes
94061,emergency-hr.com,emergency-hr,Yes
95753,cammousepad.com,cammousepad,Yes
29471,ivzpto.com,ivzpto,Yes
69119,evgeniyach.com,evgeniyach,Yes
4846,bdf-7788.com,bdf-7788,Yes
72183,amandagibbypeters.com,amandagibbypeters,Yes
74974,flathams.com,flathams,Yes
30651,afroculture.com,afroculture,Yes
49914,esearchlogix.com,esearchlogix,Yes
48893,designguard.com,designguard,Yes
73286,allairedavis.com,allairedavis,Yes
26153,2lovecycling.com,2lovecycling,Yes
91468,eminola.com,eminola,Yes
22811,boutiquehrservice.com,boutiquehrservice,Yes
70004,cruise-tv.com,cruise-tv,Yes
97268,bob11962.com,bob11962,Yes
76421,amie-myanmaragency.com,amie-myanmaragency,Yes
77847,a-damselintheus.com,a-damselintheus,Yes
57881,dfiestas4u.com,dfiestas4u,Yes
50205,jagt13.com,jagt13,Yes
42447,donatospizza.com,donatospizza,Yes
60815,bouillouses.com,bouillouses,Yes
13983,hanglun.com,hanglun,Yes
80823,gritcases.com,gritcases,Yes
48016,hvyf.com,hvyf,Yes
2551,counsellingviazoom.com,counsellingviazoom,Yes
18301,dropshippingstraybullet.com,dropshippingstraybullet,Yes
20761,hugodelivery.com,hugodelivery,Yes
1915,9898977.com,9898977,Yes
30061,adriano-ads.com,adriano-ads,Yes
54446,hyzcys.com,hyzcys,Yes
9016,experienciasdoser.com,experienciasdoser,Yes
19311,fflluxe.com,fflluxe,Yes
12831,guaccilogistics.com,guaccilogistics,Yes
15407,avamaerowe.com,avamaerowe,Yes
36942,beginnertailwind.com,beginnertailwind,Yes
61477,floatingspheres.com,floatingspheres,Yes
55084,csepoalphatech.com,csepoalphatech,Yes
95134,expertradings.com,expertradings,Yes
54704,estherwanecoaching.com,estherwanecoaching,Yes
5170,goodstay.com,goodstay,Yes
89621,heng93.com,heng93,Yes
73112,finansustrategas.com,finansustrategas,Yes
1065,heretome.com,heretome,Yes
27547,365ttbuy.com,365ttbuy,Yes
91306,americanfirstusa.com,americanfirstusa,Yes
59659,bilheteweb.com,bilheteweb,Yes
68648,downtownoasis.com,downtownoasis,Yes
95132,halcophelps.com,halcophelps,Yes
78456,jl128.com,jl128,Yes
95327,jaredsrealm.com,jaredsrealm,Yes
59560,driftsouth.com,driftsouth,Yes
30122,calvinflippo.com,calvinflippo,Yes
23925,ip15.com,ip15,Yes
63496,jaedonlondagin.com,jaedonlondagin,Yes
8266,3dayoffer646.com,3dayoffer646,Yes
33591,bidingguo.com,bidingguo,Yes
72620,avcovalves.com,avcovalves,Yes
19956,fastnerspoint.com,fastnerspoint,Yes
20147,beccamaedesigns.com,beccamaedesigns,Yes
76569,jy3824.com,jy3824,Yes
46149,boggarts.com,boggarts,Yes
44342,indoorharvester.com,indoorharvester,Yes
42615,bat-invest.com,bat-invest,Yes
52699,brigittethiot.com,brigittethiot,Yes
57292,goodwillmedical.com,goodwillmedical,Yes
53520,flat6studios.com,flat6studios,Yes
2880,102vip9.com,102vip9,Yes
55082,grisb.com,grisb,Yes
62844,danemar.com,danemar,Yes
58462,bednarzfamily.com,bednarzfamily,Yes
60970,gc5qvv6qrl42sgdm4egogmi6vbbiapb2.com,gc5qvv6qrl42sgdm4egogmi6vbbiapb2,Yes
32503,anta-rf.com,anta-rf,Yes
53255,byte-sizedcrypto.com,byte-sizedcrypto,Yes
43585,eastcoastraveller.com,eastcoastraveller,Yes
63600,canvello.com,canvello,Yes
20609,americansurrealist.com,americansurrealist,Yes
60209,gpsinventorysolutionssending.com,gpsinventorysolutionssending,Yes
75868,getsupersavings.com,getsupersavings,Yes
21589,gwinnettcountybraves.com,gwinnettcountybraves,Yes
9613,immobilierlimousin.com,immobilierlimousin,Yes
71267,antwerpbotanicalsacademy.com,antwerpbotanicalsacademy,Yes
28513,fireroasted.com,fireroasted,Yes
21925,goldenappleweb.com,goldenappleweb,Yes
14523,graxen.com,graxen,Yes
90488,aldeemstore.com,aldeemstore,Yes
99037,betteringz.com,betteringz,Yes
97968,catherinebstafford.com,catherinebstafford,Yes
5144,australiamint.com,australiamint,Yes
48125,bluesdrawings.com,bluesdrawings,Yes
47839,getaclutch.com,getaclutch,Yes
54032,braceletmagique.com,braceletmagique,Yes
35522,elgringoabogado.com,elgringoabogado,Yes
149,distributionhj.com,distributionhj,Yes
31021,ivettedominguez.com,ivettedominguez,Yes
10973,clasesdeseguridadflorida.com,clasesdeseguridadflorida,Yes
54609,1wzsw.com,1wzsw,Yes
93967,careyourpets.com,careyourpets,Yes
41877,intrachartering.com,intrachartering,Yes
89232,fightforyourlifeclub.com,fightforyourlifeclub,Yes
31975,crissified.com,crissified,Yes
84576,b-side-partners.com,b-side-partners,Yes
41930,beautypaiges.com,beautypaiges,Yes
89029,archivedsupplycompany.com,archivedsupplycompany,Yes
13344,chasingthecurenow.com,chasingthecurenow,Yes
39019,areopoli.com,areopoli,Yes
14006,allaboutthepartyllc.com,allaboutthepartyllc,Yes
49243,gueva.com,gueva,Yes
23568,clubsportsapparel.com,clubsportsapparel,Yes
86313,finomage.com,finomage,Yes
5434,bellhavenpianostudio.com,bellhavenpianostudio,Yes
70500,dreamyluxury.com,dreamyluxury,Yes
78775,eido69mg5a7s2eufq9alqd5em14q6uma.com,eido69mg5a7s2eufq9alqd5em14q6uma,Yes
28354,buvaji.com,buvaji,Yes
66395,bubble-escape.com,bubble-escape,Yes
59974,cool-remedy-roof.com,cool-remedy-roof,Yes
95481,isgdatabasedevelopment.com,isgdatabasedevelopment,Yes
67277,jca-equipment.com,jca-equipment,Yes
21183,datorama-demo.com,datorama-demo,Yes
36062,autolosstaxsettlement.com,autolosstaxsettlement,Yes
31515,cma-engineering.com,cma-engineering,Yes
84941,f2196.com,f2196,Yes
24412,centroservizicapalbio.com,centroservizicapalbio,Yes
90066,defensiveinvestor.com,defensiveinvestor,Yes
84065,guerillaseven.com,guerillaseven,Yes
41825,affinergy.com,affinergy,Yes
56760,justmybabymama.com,justmybabymama,Yes
82584,ashleighbaby.com,ashleighbaby,Yes
58161,exemplarydm.com,exemplarydm,Yes
64782,enlog-dgs.com,enlog-dgs,Yes
5797,driversclubchicago.com,driversclubchicago,Yes
50898,byfcg.com,byfcg,Yes
52475,2229331.com,2229331,Yes
31369,immune4you.com,immune4you,Yes
72147,hardcorefaith.com,hardcorefaith,Yes
65156,jidijiahe.com,jidijiahe,Yes
28618,55ssp20i55ntutl3fri53o8s3amh96e5.com,55ssp20i55ntutl3fri53o8s3amh96e5,Yes
33130,heart2heartdogtraining.com,heart2heartdogtraining,Yes
97835,football-scene.com,football-scene,Yes
78093,arrudafranco.com,arrudafranco,Yes
6150,apostabet77.com,apostabet77,Yes
24559,hannahjcullen.com,hannahjcullen,Yes
78820,cuchillostrenzados.com,cuchillostrenzados,Yes
90102,hillcresteventcenter.com,hillcresteventcenter,Yes
53135,dunadeldaryoush.com,dunadeldaryoush,Yes
86540,abellehayford.com,abellehayford,Yes
76812,aguacatesechartea.com,aguacatesechartea,Yes
86920,artdiancollection.com,artdiancollection,Yes
60072,jandrliquidations.com,jandrliquidations,Yes
89190,durhamentrepreneurs.com,durhamentrepreneurs,Yes
46504,cadexpresscorp.com,cadexpresscorp,Yes
33756,elisaminetto.com,elisaminetto,Yes
53116,crossplatix.com,crossplatix,Yes
89583,fullyengaged.com,fullyengaged,Yes
10539,164hu.com,164hu,Yes
29134,5rly3d.com,5rly3d,Yes
17385,adseries.com,adseries,Yes
73078,alfazeta.com,alfazeta,Yes
44530,edelglobal.com,edelglobal,Yes
74225,i5gepn6aevn2ejqnjbcjdo1jqqqc95ll.com,i5gepn6aevn2ejqnjbcjdo1jqqqc95ll,Yes
10858,71588844.com,71588844,Yes
30350,626dar6rupf2454g4u4m8mgbeustsnu4.com,626dar6rupf2454g4u4m8mgbeustsnu4,Yes
35129,ashtxn.com,ashtxn,Yes
10782,jvstr.com,jvstr,Yes
44018,114ef.com,114ef,Yes
63479,520iee.com,520iee,Yes
96647,factshindi.com,factshindi,Yes
20869,cjperry.com,cjperry,Yes
5734,basmalaaus.com,basmalaaus,Yes
78633,jiffylubelewes.com,jiffylubelewes,Yes
33203,foreverpathwaysministries.com,foreverpathwaysministries,Yes
90090,habpropertiesgroup.com,habpropertiesgroup,Yes
80156,diavel-forum.com,diavel-forum,Yes
48798,joiestereo.com,joiestereo,Yes
57816,isatissoome.com,isatissoome,Yes
85987,cloud-sry.com,cloud-sry,Yes
78849,arcadecanada.com,arcadecanada,Yes
91413,corbellnews.com,corbellnews,Yes
19542,cqjxd.com,cqjxd,Yes
47224,haultie.com,haultie,Yes
50485,goatandsheep.com,goatandsheep,Yes
71510,6vdesign.com,6vdesign,Yes
19861,fatimaboscodalat.com,fatimaboscodalat,Yes
80605,j6j0hhacjp05ag1gqm6mirvf6on1srvp.com,j6j0hhacjp05ag1gqm6mirvf6on1srvp,Yes
52853,expandthebrandnola.com,expandthebrandnola,Yes
70595,devdy.com,devdy,Yes
77794,indust-ventures.com,indust-ventures,Yes
12086,fox-db-trial.com,fox-db-trial,Yes
50292,boyfromrc.com,boyfromrc,Yes
2335,cryptoinvestmentsfirm.com,cryptoinvestmentsfirm,Yes
87126,devaci.com,devaci,Yes
49391,enginefish.com,enginefish,Yes
93851,fubusports.com,fubusports,Yes
13230,easyairco.com,easyairco,Yes
51141,aty992.com,aty992,Yes
48694,innofantech.com,innofantech,Yes
21283,gatefold-digital.com,gatefold-digital,Yes
39571,abnatal.com,abnatal,Yes
67249,himawari-sg.com,himawari-sg,Yes
21382,digitesouro.com,digitesouro,Yes
17971,185004-270346.com,185004-270346,Yes
50588,315252.com,315252,Yes
64458,currenex.com,currenex,Yes
1633,gardetescheveux.com,gardetescheveux,Yes
32630,groupcomplete.com,groupcomplete,Yes
24738,georgepeach.com,georgepeach,Yes
35016,czyhhd.com,czyhhd,Yes
32432,cabmedvaanissen.com,cabmedvaanissen,Yes
88051,epicchamber.com,epicchamber,Yes
35583,blastafoodrecipes.com,blastafoodrecipes,Yes
22744,777872.com,777872,Yes
46226,electrocigarro.com,electrocigarro,Yes
45938,e9t7u1o2c3.com,e9t7u1o2c3,Yes
59988,beeshiddengems.com,beeshiddengems,Yes
98539,fixitworldwide.com,fixitworldwide,Yes
81310,gptmotorsport.com,gptmotorsport,Yes
48991,dancenxtlevel.com,dancenxtlevel,Yes
88639,guyswellness.com,guyswellness,Yes
7470,jmstranscription.com,jmstranscription,Yes
12528,0mveo11iph5260c7eb3fpedt91q350vc.com,0mveo11iph5260c7eb3fpedt91q350vc,Yes
5598,global-compression-services.com,global-compression-services,Yes
46675,charleneandme.com,charleneandme,Yes
90503,johnlucasmusicco.com,johnlucasmusicco,Yes
78559,gabinetegalaniglesias.com,gabinetegalaniglesias,Yes
43401,astronomads.com,astronomads,Yes
99479,flixape.com,flixape,Yes
48356,balato8-ph.com,balato8-ph,Yes
57040,denhvidesten.com,denhvidesten,Yes
9514,iyfraep.com,iyfraep,Yes
89706,joe-e-pace.com,joe-e-pace,Yes
34101,asd7zu.com,asd7zu,Yes
54395,andersonhillwoodcraft.com,andersonhillwoodcraft,Yes
93569,dyegenx.com,dyegenx,Yes
84087,garagedoorrepairsouthflorida.com,garagedoorrepairsouthflorida,Yes
488,certidor.com,certidor,Yes
63087,ecologicnaturalsolutions.com,ecologicnaturalsolutions,Yes
65610,iris984.com,iris984,Yes
24808,cme-du-plateau.com,cme-du-plateau,Yes
57194,as-2000.com,as-2000,Yes
27854,fightingmanofmars.com,fightingmanofmars,Yes
15331,ext-cloudreach.com,ext-cloudreach,Yes
70169,1sourceinc.com,1sourceinc,Yes
33161,escapethecityliving.com,escapethecityliving,Yes
37528,jpziyuan.com,jpziyuan,Yes
81552,groundcontrollocation.com,groundcontrollocation,Yes
61696,coastalgemslettering.com,coastalgemslettering,Yes
33850,hamburg-flughafen.com,hamburg-flughafen,Yes
20015,goldenstatebouldering.com,goldenstatebouldering,Yes
31373,deloittevolunteerhub.com,deloittevolunteerhub,Yes
10777,dreadfultech.com,dreadfultech,Yes
21012,ebonyoneverything.com,ebonyoneverything,Yes
7614,erfolg-als-friseur.com,erfolg-als-friseur,Yes
72698,flex62.com,flex62,Yes
47562,inventastics.com,inventastics,Yes
12008,dodexo.com,dodexo,Yes
14256,enchantressandthelion.com,enchantressandthelion,Yes
6301,jaigga9ieevh0n36tfqg8guih5npetrg.com,jaigga9ieevh0n36tfqg8guih5npetrg,Yes
10822,beautyrestored.com,beautyrestored,Yes
4017,icryptocode.com,icryptocode,Yes
64759,eoarchitects.com,eoarchitects,Yes
97916,702mlan.com,702mlan,Yes
88581,h-ferry.com,h-ferry,Yes
57943,dogurineremovers.com,dogurineremovers,Yes
77824,embizzy.com,embizzy,Yes
90958,ejqn0a0suv4ad723g225642q48p84od5.com,ejqn0a0suv4ad723g225642q48p84od5,Yes
96589,accupolitics.com,accupolitics,Yes
5550,integritypaintingandrenovations.com,integritypaintingandrenovations,Yes
3804,8826333.com,8826333,Yes
30359,generalgenomics.com,generalgenomics,Yes
4946,66648tt.com,66648tt,Yes
73287,joyviz.com,joyviz,Yes
10263,cybeefox.com,cybeefox,Yes
36934,cornellsystems.com,cornellsystems,Yes
68103,claudiazeier.com,claudiazeier,Yes
41504,jmcyprus.com,jmcyprus,Yes
94231,firstcallcleaners.com,firstcallcleaners,Yes
1169,ezraroda.com,ezraroda,Yes
63477,floridaflag.com,floridaflag,Yes
73292,dadaxz.com,dadaxz,Yes
79750,69737.com,69737,Yes
76603,casacontigocl.com,casacontigocl,Yes
5446,jetpainterbuild.com,jetpainterbuild,Yes
18965,hl-renovation.com,hl-renovation,Yes
49678,gm6oqch7sn0phet1e5e234gq8rhldbe4.com,gm6oqch7sn0phet1e5e234gq8rhldbe4,Yes
27242,centrohipicomaasbree.com,centrohipicomaasbree,Yes
81027,drlnlaws.com,drlnlaws,Yes
2727,foreandfore.com,foreandfore,Yes
598,azimmigrationattorneys.com,azimmigrationattorneys,Yes
20878,dogzahav.com,dogzahav,Yes
71602,eastdevon.com,eastdevon,Yes
77801,climatisation-93.com,climatisation-93,Yes
57265,electronicafromusic.com,electronicafromusic,Yes
1000,davlisseven.com,davlisseven,Yes
86961,bonfirecareercoaching.com,bonfirecareercoaching,Yes
23628,adaptabletherapyservice.com,adaptabletherapyservice,Yes
40082,czthhl.com,czthhl,Yes
55746,herodouglas.com,herodouglas,Yes
33435,aunovotny.com,aunovotny,Yes
65692,johnmdelgado.com,johnmdelgado,Yes
50397,donate2ride.com,donate2ride,Yes
60714,cablovemusic.com,cablovemusic,Yes
72069,globalprisenter.com,globalprisenter,Yes
1518,aj4u.com,aj4u,Yes
16102,joenortonwrites.com,joenortonwrites,Yes
43405,derivont.com,derivont,Yes
87399,grupoproimpsac.com,grupoproimpsac,Yes
50478,freighbors.com,freighbors,Yes
91289,farsbazar.com,farsbazar,Yes
5443,compactslider.com,compactslider,Yes
27750,bigbitesjamaicaplains.com,bigbitesjamaicaplains,Yes
97336,goodpizzaclub.com,goodpizzaclub,Yes
33210,ismile-dentalcare.com,ismile-dentalcare,Yes
72626,bmstecservice.com,bmstecservice,Yes
12118,ellxi.com,ellxi,Yes
66571,abarroteriaelrey.com,abarroteriaelrey,Yes
65666,instantseries.com,instantseries,Yes
38659,008887158.com,008887158,Yes
80329,inoncologyus.com,inoncologyus,Yes
64007,deeper-vision.com,deeper-vision,Yes
69399,04047790.com,04047790,Yes
35093,ff2m6jusufvo5evgb25emu60llrtssrq.com,ff2m6jusufvo5evgb25emu60llrtssrq,Yes
8624,enrichsquare.com,enrichsquare,Yes
66193,19947961631.com,19947961631,Yes
20439,315studios.com,315studios,Yes
39806,jfslife.com,jfslife,Yes
98129,gasnaturalbanargentina.com,gasnaturalbanargentina,Yes
29852,christophernandez.com,christophernandez,Yes
11465,foreverusapparel.com,foreverusapparel,Yes
26266,drydix.com,drydix,Yes
82726,coroarsnova.com,coroarsnova,Yes
81262,jeremybachelor.com,jeremybachelor,Yes
44685,brbdinner.com,brbdinner,Yes
30358,jetportgas.com,jetportgas,Yes
68709,droppingwell.com,droppingwell,Yes
76454,busslersolutions.com,busslersolutions,Yes
43356,dogzengarden.com,dogzengarden,Yes
43443,actionintexas.com,actionintexas,Yes
37319,a7d2h.com,a7d2h,Yes
1437,alpinepaintcompany.com,alpinepaintcompany,Yes
377,fpsimpianti.com,fpsimpianti,Yes
55611,888-2-refacing.com,888-2-refacing,Yes
75067,brianpuleo.com,brianpuleo,Yes
47127,easy-calo.com,easy-calo,Yes
10462,bloomingdesignss.com,bloomingdesignss,Yes
37120,entersolaris.com,entersolaris,Yes
6370,expressfiling.com,expressfiling,Yes
88874,iamagtech.com,iamagtech,Yes
25630,docslayer.com,docslayer,Yes
74964,amjg.com,amjg,Yes
22329,apps-for-art.com,apps-for-art,Yes
89367,hthvip1573.com,hthvip1573,Yes
32323,jersmer.com,jersmer,Yes
58741,comercialt.com,comercialt,Yes
21920,cooperstownmotel.com,cooperstownmotel,Yes
66885,extraneo-store.com,extraneo-store,Yes
57197,batimmoplus.com,batimmoplus,Yes
3131,coffee-curry-fin.com,coffee-curry-fin,Yes
19008,jingruxin.com,jingruxin,Yes
65607,gordonmonangfusion.com,gordonmonangfusion,Yes
79188,carlamotta.com,carlamotta,Yes
18607,adblues.com,adblues,Yes
40394,ieautomatizacion.com,ieautomatizacion,Yes
20639,bonthe-yrc.com,bonthe-yrc,Yes
3050,audaciousdesignstudio.com,audaciousdesignstudio,Yes
58779,alandsonsplumbingusa.com,alandsonsplumbingusa,Yes
48232,foconnectivity.com,foconnectivity,Yes
50819,52way.com,52way,Yes
44192,handdrawnquartered.com,handdrawnquartered,Yes
20221,everythingopulencebeauty.com,everythingopulencebeauty,Yes
98704,advancedsubliminal.com,advancedsubliminal,Yes
57382,abovethebarchicago.com,abovethebarchicago,Yes
30062,gptacb.com,gptacb,Yes
28197,drahailaalmeida.com,drahailaalmeida,Yes
422,ai4uf9nga432vnpfufq519pns3ojm8a0.com,ai4uf9nga432vnpfufq519pns3ojm8a0,Yes
48746,financialfrontnews.com,financialfrontnews,Yes
11151,jgoodies.com,jgoodies,Yes
99581,fraudsteveschwartzapfel.com,fraudsteveschwartzapfel,Yes
35682,destileriastenis.com,destileriastenis,Yes
40594,hydrothing.com,hydrothing,Yes
38506,hwlmapp.com,hwlmapp,Yes
18806,cristianmelendez.com,cristianmelendez,Yes
76973,glowsart.com,glowsart,Yes
24277,bluebirdboutiquewi.com,bluebirdboutiquewi,Yes
55343,8diagrams.com,8diagrams,Yes
57531,invernessfair.com,invernessfair,Yes
8872,doangialand.com,doangialand,Yes
43217,blueefficience.com,blueefficience,Yes
14553,coolreflectionz.com,coolreflectionz,Yes
38330,gogogive.com,gogogive,Yes
84134,appraiseroffice.com,appraiseroffice,Yes
70530,eastcoastrepairandfabrication.com,eastcoastrepairandfabrication,Yes
70659,everydaypilgrimage.com,everydaypilgrimage,Yes
88785,expedientevirtual.com,expedientevirtual,Yes
97824,22000iso.com,22000iso,Yes
33499,frivmax.com,frivmax,Yes
98137,franchisetailgate.com,franchisetailgate,Yes
34609,1761z1761.com,1761z1761,Yes
27045,dezracing.com,dezracing,Yes
93837,bcever.com,bcever,Yes
18724,artisaties.com,artisaties,Yes
88037,carrentalsearch.com,carrentalsearch,Yes
29096,dysnservices.com,dysnservices,Yes
79955,decadesvoyage.com,decadesvoyage,Yes
85485,accessorydwellingunitpros.com,accessorydwellingunitpros,Yes
56258,231152.com,231152,Yes
36874,eightgatesclo.com,eightgatesclo,Yes
33111,amorimteam.com,amorimteam,Yes
48423,harraldreamer.com,harraldreamer,Yes
85145,centrovesalius.com,centrovesalius,Yes
94567,decarboneum.com,decarboneum,Yes
34282,jinshanct.com,jinshanct,Yes
93606,enliothailand.com,enliothailand,Yes
43867,cloudcatz.com,cloudcatz,Yes
32515,bluebrij.com,bluebrij,Yes
57221,ecommercerating.com,ecommercerating,Yes
34305,amend19.com,amend19,Yes
15190,humanleyprints.com,humanleyprints,Yes
22285,doorfame.com,doorfame,Yes
65752,dynamic-extraction.com,dynamic-extraction,Yes
55603,besbay.com,besbay,Yes
21608,jahanihsan.com,jahanihsan,Yes
42253,ecominsurance.com,ecominsurance,Yes
82871,chirurgiens-plasticiens.com,chirurgiens-plasticiens,Yes
66359,ifovgroupe.com,ifovgroupe,Yes
84426,dream-filler.com,dream-filler,Yes
96689,collinslawde.com,collinslawde,Yes
61890,eyesiteee.com,eyesiteee,Yes
64334,apl-eco.com,apl-eco,Yes
42104,jessicahrendon.com,jessicahrendon,Yes
23638,jiexinshunwuliu.com,jiexinshunwuliu,Yes
10486,everything2gain.com,everything2gain,Yes
59775,googlesearshconsole.com,googlesearshconsole,Yes
74372,jrapaintsinc.com,jrapaintsinc,Yes
72663,aurugs.com,aurugs,Yes
17445,aojesus.com,aojesus,Yes
45165,esposascalientes.com,esposascalientes,Yes
60510,adamscraftycreations.com,adamscraftycreations,Yes
31916,elijahscup.com,elijahscup,Yes
44396,brunchdaytona.com,brunchdaytona,Yes
72738,3in1god.com,3in1god,Yes
83286,gatewaylimousine.com,gatewaylimousine,Yes
88958,foodfirst4adhd.com,foodfirst4adhd,Yes
57318,jonlewisreviews.com,jonlewisreviews,Yes
59413,371667.com,371667,Yes
99586,genie-fitness.com,genie-fitness,Yes
78457,cyclistshq.com,cyclistshq,Yes
50468,chilligardens.com,chilligardens,Yes
81662,fm2services.com,fm2services,Yes
72952,hbd7.com,hbd7,Yes
95406,glamivie.com,glamivie,Yes
74672,go-malling.com,go-malling,Yes
39875,cntopwin.com,cntopwin,Yes
9973,cvagri.com,cvagri,Yes
60370,fourniplant.com,fourniplant,Yes
62215,cate-international.com,cate-international,Yes
39282,espressomag.com,espressomag,Yes
86621,algodiferente-carolsarai.com,algodiferente-carolsarai,Yes
95876,grandbeecats.com,grandbeecats,Yes
1805,confeitariadigital.com,confeitariadigital,Yes
78773,engineeringbms.com,engineeringbms,Yes
28623,dancehall-detour.com,dancehall-detour,Yes
41613,imaginmobiliaria.com,imaginmobiliaria,Yes
84421,ignitedcandle.com,ignitedcandle,Yes
26673,aboutresidentsmedicalgroup.com,aboutresidentsmedicalgroup,Yes
36674,aqsbrand.com,aqsbrand,Yes
35230,ezcarbon.com,ezcarbon,Yes
48090,buildingtips.com,buildingtips,Yes
87975,concrete-magazin.com,concrete-magazin,Yes
50028,alwafaa-eg.com,alwafaa-eg,Yes
8901,gyanvitaranammag.com,gyanvitaranammag,Yes
18109,certifieddiamondappraising.com,certifieddiamondappraising,Yes
94596,irlobs.com,irlobs,Yes
34639,avco-design.com,avco-design,Yes
39886,7l3a4484033gplais01tjej0138u5m3m.com,7l3a4484033gplais01tjej0138u5m3m,Yes
8649,arcelent.com,arcelent,Yes
64838,halalcertificationbelgium.com,halalcertificationbelgium,Yes
39344,aecspringfield.com,aecspringfield,Yes
87229,954ifsr6hj7r4rebp270n6ovq63vq2fi.com,954ifsr6hj7r4rebp270n6ovq63vq2fi,Yes
37354,firststarfarm.com,firststarfarm,Yes
64045,amazingspaceslive.com,amazingspaceslive,Yes
26949,gsbhlp.com,gsbhlp,Yes
13992,jy8676.com,jy8676,Yes
32138,groovepods.com,groovepods,Yes
51381,carbofil.com,carbofil,Yes
63283,245796.com,245796,Yes
63778,13aresearch.com,13aresearch,Yes
77055,foxelbox.com,foxelbox,Yes
40585,fromstruggletoblessing.com,fromstruggletoblessing,Yes
40884,jcdragons.com,jcdragons,Yes
99365,floortreatmentmaterials.com,floortreatmentmaterials,Yes
29867,ansarandolini.com,ansarandolini,Yes
25315,extrovertband.com,extrovertband,Yes
85994,animals4lifetraining.com,animals4lifetraining,Yes
61373,ifpex-expo.com,ifpex-expo,Yes
2731,ardenteclub998.com,ardenteclub998,Yes
54170,chitonbreeze.com,chitonbreeze,Yes
21890,iufro2014.com,iufro2014,Yes
34848,cybersentia.com,cybersentia,Yes
91329,darteduard.com,darteduard,Yes
45695,day-lynewoff-ers.com,day-lynewoff-ers,Yes
97461,airductsurgeons-northnewjersey.com,airductsurgeons-northnewjersey,Yes
91669,baybuildersal.com,baybuildersal,Yes
13755,ee-gameguide.com,ee-gameguide,Yes
56110,atv-maxitrans.com,atv-maxitrans,Yes
62514,delta-conferences.com,delta-conferences,Yes
42261,bottomllm.com,bottomllm,Yes
23915,innovatetowin.com,innovatetowin,Yes
87934,gropowerindia.com,gropowerindia,Yes
32929,forensicpacs.com,forensicpacs,Yes
87625,generisonline.com,generisonline,Yes
9476,barigade.com,barigade,Yes
47733,farmerseinsurance.com,farmerseinsurance,Yes
79834,brittaheine.com,brittaheine,Yes
85523,gworldlogis.com,gworldlogis,Yes
13040,appinmedic.com,appinmedic,Yes
63159,byuscorp.com,byuscorp,Yes
22123,icrsys.com,icrsys,Yes
71561,friendsanddesign.com,friendsanddesign,Yes
92100,geminibrown.com,geminibrown,Yes
64359,h7do1.com,h7do1,Yes
79830,alanaandspencer.com,alanaandspencer,Yes
40451,huiday.com,huiday,Yes
22032,itg-co.com,itg-co,Yes
37678,decoration-parisienne.com,decoration-parisienne,Yes
39554,aldogen.com,aldogen,Yes
77566,emysdaycare.com,emysdaycare,Yes
86556,cricpluses.com,cricpluses,Yes
14398,harmophy.com,harmophy,Yes
1356,gaminggx.com,gaminggx,Yes
23446,ahdsc.com,ahdsc,Yes
80816,financial-gnd.com,financial-gnd,Yes
96543,cilentoautenticodmo.com,cilentoautenticodmo,Yes
55854,attainthenfly.com,attainthenfly,Yes
34068,alphaadvocateagency.com,alphaadvocateagency,Yes
94364,chiewig.com,chiewig,Yes
17781,antiquesuperstore.com,antiquesuperstore,Yes
7391,hardanmusicgroup.com,hardanmusicgroup,Yes
96010,dvicenteabogados.com,dvicenteabogados,Yes
93082,exchangereality.com,exchangereality,Yes
28057,biibiibo.com,biibiibo,Yes
27766,actorduet.com,actorduet,Yes
94218,angolamarine.com,angolamarine,Yes
91636,erasolcaldaie.com,erasolcaldaie,Yes
65987,717963.com,717963,Yes
5697,galvestonbayqueen.com,galvestonbayqueen,Yes
71576,busybodiesdesigns.com,busybodiesdesigns,Yes
38360,buygoodcar.com,buygoodcar,Yes
29318,illumabooth.com,illumabooth,Yes
55291,bellapiedi.com,bellapiedi,Yes
81423,au2indretning.com,au2indretning,Yes
33683,dwarproductions.com,dwarproductions,Yes
54062,justgriff.com,justgriff,Yes
91265,8ftech.com,8ftech,Yes
90276,cardhubx.com,cardhubx,Yes
46164,activatedewards.com,activatedewards,Yes
89355,balticnitrile.com,balticnitrile,Yes
24739,happytrailscolorado.com,happytrailscolorado,Yes
7152,indivisualgallery.com,indivisualgallery,Yes
85258,fatpigeonpubs.com,fatpigeonpubs,Yes
74326,jacon-solutions.com,jacon-solutions,Yes
54270,hicustomervoices.com,hicustomervoices,Yes
696,airportexplorer.com,airportexplorer,Yes
20335,gwarrow.com,gwarrow,Yes
6093,ezz-theticrecords.com,ezz-theticrecords,Yes
76553,bonnvischan.com,bonnvischan,Yes
98295,doctorespuertoescondido.com,doctorespuertoescondido,Yes
39437,dgppzw.com,dgppzw,Yes
30858,ibc003mys.com,ibc003mys,Yes
8996,acesector159noida.com,acesector159noida,Yes
3947,brianandcolin.com,brianandcolin,Yes
27719,cartonnidodeabeja.com,cartonnidodeabeja,Yes
86987,infrastructurevictoria.com,infrastructurevictoria,Yes
99546,goalfigureclothing.com,goalfigureclothing,Yes
68932,hamiltongraceservices.com,hamiltongraceservices,Yes
96871,eiteldesign.com,eiteldesign,Yes
99457,iizecooling.com,iizecooling,Yes
91957,cloudypost.com,cloudypost,Yes
42934,armapillo.com,armapillo,Yes
19007,beowolfexclusives.com,beowolfexclusives,Yes
38089,6g0dfud97mnuhmoft4jsmjamaap3r91m.com,6g0dfud97mnuhmoft4jsmjamaap3r91m,Yes
21351,crsap.com,crsap,Yes
3136,iaqutou.com,iaqutou,Yes
11086,b2f6w.com,b2f6w,Yes
60984,g401d41lf4tbg3n80r43sm3r2binm9l1.com,g401d41lf4tbg3n80r43sm3r2binm9l1,Yes
95772,aimterapia.com,aimterapia,Yes
83217,doubleimpactmedia.com,doubleimpactmedia,Yes
19887,jmsofteners.com,jmsofteners,Yes
59309,gr8dotcom.com,gr8dotcom,Yes
69122,getoriginalparts.com,getoriginalparts,Yes
76388,entropy-llc.com,entropy-llc,Yes
91387,detechies.com,detechies,Yes
94121,duhlaurien.com,duhlaurien,Yes
30461,fullritual.com,fullritual,Yes
34339,buyfrozenpizza.com,buyfrozenpizza,Yes
42514,harmonphysicaltherapy.com,harmonphysicaltherapy,Yes
65801,gawgani.com,gawgani,Yes
96157,aboriginalbest.com,aboriginalbest,Yes
45249,ajeano.com,ajeano,Yes
84049,computer-lotse.com,computer-lotse,Yes
55090,bethsaundersconsulting.com,bethsaundersconsulting,Yes
4286,ipfqybzcus.com,ipfqybzcus,Yes
41978,jessicapunter.com,jessicapunter,Yes
18328,frequenttravelerevents.com,frequenttravelerevents,Yes
86923,1037lite.com,1037lite,Yes
52810,cticontech.com,cticontech,Yes
51222,b948aqh92isolg61jdh60l034bo9uo9m.com,b948aqh92isolg61jdh60l034bo9uo9m,Yes
98686,heilongmaoyi.com,heilongmaoyi,Yes
33031,cardioelix.com,cardioelix,Yes
40034,boxcarpzix.com,boxcarpzix,Yes
75004,gemmorrison.com,gemmorrison,Yes
49308,downtownlastudios.com,downtownlastudios,Yes
91758,autocars-savac.com,autocars-savac,Yes
57744,handmadetravelsolutions.com,handmadetravelsolutions,Yes
45863,dx301.com,dx301,Yes
72584,aaronben.com,aaronben,Yes
83058,divvysafe.com,divvysafe,Yes
30437,bethatwildflower.com,bethatwildflower,Yes
78120,haiwenwl.com,haiwenwl,Yes
1839,banca499.com,banca499,Yes
52661,donyayenoor.com,donyayenoor,Yes
15198,entretant.com,entretant,Yes
42027,castlelendingcars.com,castlelendingcars,Yes
97681,flexpertlegal.com,flexpertlegal,Yes
62516,ifillyourcup.com,ifillyourcup,Yes
37684,115592p.com,115592p,Yes
55770,beaverutahstorage.com,beaverutahstorage,Yes
62959,adacta-gmbh.com,adacta-gmbh,Yes
98456,hinrichfoundations.com,hinrichfoundations,Yes
96257,abbeygrabner.com,abbeygrabner,Yes
60306,adobe-data.com,adobe-data,Yes
16289,boat-escape.com,boat-escape,Yes
6323,cerulean-stratus-press.com,cerulean-stratus-press,Yes
83535,fruit-bar.com,fruit-bar,Yes
63761,francinetesler.com,francinetesler,Yes
71498,adt-tech.com,adt-tech,Yes
60618,allaboutprogression.com,allaboutprogression,Yes
55329,amandafm.com,amandafm,Yes
40821,buberme.com,buberme,Yes
68807,alfsanchez.com,alfsanchez,Yes
48209,chezfoods.com,chezfoods,Yes
53422,iz-zimi-v-leto.com,iz-zimi-v-leto,Yes
23566,1lnb37fhursn4ap8sq2voch54l5dh3fg.com,1lnb37fhursn4ap8sq2voch54l5dh3fg,Yes
37564,immo-igel.com,immo-igel,Yes
57504,gellywig.com,gellywig,Yes
68672,drmelissaharrisonfl.com,drmelissaharrisonfl,Yes
75322,epistapropre.com,epistapropre,Yes
68593,jacobwinstead.com,jacobwinstead,Yes
75078,juanitasautos.com,juanitasautos,Yes
29345,chasepointdc.com,chasepointdc,Yes
62990,carlisleparts.com,carlisleparts,Yes
36880,19iem.com,19iem,Yes
55578,intellimedtech.com,intellimedtech,Yes
24656,deadgodsdie.com,deadgodsdie,Yes
76103,abelbuzarquis.com,abelbuzarquis,Yes
71282,itax-solutions.com,itax-solutions,Yes
86914,florianhillmann.com,florianhillmann,Yes
82855,epicmindstutoring.com,epicmindstutoring,Yes
29025,flexible49.com,flexible49,Yes
79345,consultoriagca.com,consultoriagca,Yes
51148,jasonaford.com,jasonaford,Yes
16741,evenders.com,evenders,Yes
18558,atriumrenov.com,atriumrenov,Yes
36093,eileenalbrizio.com,eileenalbrizio,Yes
68091,jonathanmastinportfolio.com,jonathanmastinportfolio,Yes
22214,jenatix.com,jenatix,Yes
853,casibom843.com,casibom843,Yes
97579,freshcasino2606.com,freshcasino2606,Yes
64395,eartevgo.com,eartevgo,Yes
18455,abcvoosbaratos.com,abcvoosbaratos,Yes
48196,dimoraaganoor.com,dimoraaganoor,Yes
34056,1stpriorityhh.com,1stpriorityhh,Yes
34403,evobattery.com,evobattery,Yes
57435,catsblvd.com,catsblvd,Yes
54865,fa0aga870snr46ulij16o5ve6m54j8lc.com,fa0aga870snr46ulij16o5ve6m54j8lc,Yes
20905,cachtaicoccoc.com,cachtaicoccoc,Yes
55019,cottambrush.com,cottambrush,Yes
39298,beyondthemotherland.com,beyondthemotherland,Yes
5114,gummiicecreamcones.com,gummiicecreamcones,Yes
95095,desirevillias.com,desirevillias,Yes
95362,hhuttonadminservices.com,hhuttonadminservices,Yes
21131,danlesgroup.com,danlesgroup,Yes
8640,actsprod.com,actsprod,Yes
44307,amitechdesign.com,amitechdesign,Yes
75071,egancounsultinggroup.com,egancounsultinggroup,Yes
81755,garyalbertson.com,garyalbertson,Yes
5755,baeaimoveis.com,baeaimoveis,Yes
13084,harlowdoyle.com,harlowdoyle,Yes
31037,djpbusinessinc.com,djpbusinessinc,Yes
61147,cnotagaelach.com,cnotagaelach,Yes
69918,baitulmal-acehbesar.com,baitulmal-acehbesar,Yes
24536,alberguelabarraca.com,alberguelabarraca,Yes
44795,habeebe.com,habeebe,Yes
59992,545685.com,545685,Yes
86023,angie-grimes.com,angie-grimes,Yes
30174,apicamail4.com,apicamail4,Yes
71251,bestbeefintl.com,bestbeefintl,Yes
92187,bagsac.com,bagsac,Yes
23861,fredspoolservice.com,fredspoolservice,Yes
907,billboardslasvegas.com,billboardslasvegas,Yes
87511,gdbyh.com,gdbyh,Yes
73869,airdexpress.com,airdexpress,Yes
77502,chapter7filinginformation.com,chapter7filinginformation,Yes
39480,futurafragua.com,futurafragua,Yes
52235,caputoproperty.com,caputoproperty,Yes
89457,borrowerdata.com,borrowerdata,Yes
12830,gigiemmevacanze.com,gigiemmevacanze,Yes
27601,clcconsultancyco.com,clcconsultancyco,Yes
49283,defendwhatsgood.com,defendwhatsgood,Yes
38776,chat-409.com,chat-409,Yes
43412,cigalow.com,cigalow,Yes
62283,jiduj.com,jiduj,Yes
22807,crowdfundthedream.com,crowdfundthedream,Yes
37985,aquafeed.com,aquafeed,Yes
30640,cycleprojectstore.com,cycleprojectstore,Yes
73762,adultsitelistings.com,adultsitelistings,Yes
4954,gitedesamis.com,gitedesamis,Yes
33245,hillecustoms.com,hillecustoms,Yes
68319,educacioncaninasevilla.com,educacioncaninasevilla,Yes
9740,ad-presents.com,ad-presents,Yes
4323,acapulcoluxuryvillas.com,acapulcoluxuryvillas,Yes
89743,britishgasmetering.com,britishgasmetering,Yes
89840,aeesee.com,aeesee,Yes
82765,grivinsegr.com,grivinsegr,Yes
5408,africaboro.com,africaboro,Yes
33297,dynamicandmighty.com,dynamicandmighty,Yes
84558,benetstore.com,benetstore,Yes
82141,globalstrawberry.com,globalstrawberry,Yes
46529,bidderoo.com,bidderoo,Yes
87398,79-zumospin.com,79-zumospin,Yes
59625,99547.com,99547,Yes
68788,elrealtypr.com,elrealtypr,Yes
84611,grupoberhfer.com,grupoberhfer,Yes
79302,best-age-conference.com,best-age-conference,Yes
60900,family-redefined.com,family-redefined,Yes
7548,avedaadvancedacademy.com,avedaadvancedacademy,Yes
28200,dmff888.com,dmff888,Yes
15609,digestivehealthpdx.com,digestivehealthpdx,Yes
48327,cattlevaccination.com,cattlevaccination,Yes
26988,biddersapp.com,biddersapp,Yes
99081,frictionlessdataprotection.com,frictionlessdataprotection,Yes
60406,hydrogelfilters.com,hydrogelfilters,Yes
48536,hubblemimo.com,hubblemimo,Yes
88007,epicogateway.com,epicogateway,Yes
37472,goodecoevents.com,goodecoevents,Yes
14058,admirednation.com,admirednation,Yes
96912,animation-pipeline.com,animation-pipeline,Yes
51301,avvsamantabufalini.com,avvsamantabufalini,Yes
52567,breast-implants-chicago.com,breast-implants-chicago,Yes
4033,barbusu.com,barbusu,Yes
53667,gingerandcarrot.com,gingerandcarrot,Yes
89359,biolab1.com,biolab1,Yes
60411,demrawan.com,demrawan,Yes
39967,0002127.com,0002127,Yes
25701,capitelcommunications.com,capitelcommunications,Yes
6428,1591996.com,1591996,Yes
6981,cure4usa.com,cure4usa,Yes
4892,consuladolanzarote.com,consuladolanzarote,Yes
35058,clearfieldagency.com,clearfieldagency,Yes
71045,betterplacesact.com,betterplacesact,Yes
28878,devpha.com,devpha,Yes
99214,greatergoodexperiences.com,greatergoodexperiences,Yes
48058,datongjc.com,datongjc,Yes
62577,doubleswivelring.com,doubleswivelring,Yes
728,eenode.com,eenode,Yes
40996,andreasleo.com,andreasleo,Yes
83534,blandingsbatterier.com,blandingsbatterier,Yes
15300,800newhire.com,800newhire,Yes
35526,jhenaidah0204.com,jhenaidah0204,Yes
70076,gravityfitness.com,gravityfitness,Yes
62822,boyu5405.com,boyu5405,Yes
58169,applepiproductions.com,applepiproductions,Yes
19678,eleusistradeco.com,eleusistradeco,Yes
64055,jnxwyxx.com,jnxwyxx,Yes
24990,jandjadventures.com,jandjadventures,Yes
64364,ecolotees.com,ecolotees,Yes
92552,ezrobotsentertainment.com,ezrobotsentertainment,Yes
28114,deepfeedstudio.com,deepfeedstudio,Yes
22311,deziign9.com,deziign9,Yes
75666,f2fvision.com,f2fvision,Yes
48939,babyzippers.com,babyzippers,Yes
28546,anandgdevaiah.com,anandgdevaiah,Yes
21528,carriazetech.com,carriazetech,Yes
99618,belizetravelreviews.com,belizetravelreviews,Yes
9391,1wbqtl.com,1wbqtl,Yes
46049,89gaomm.com,89gaomm,Yes
533,heiluotuo.com,heiluotuo,Yes
53236,huashenhj.com,huashenhj,Yes
64836,cloudsimera.com,cloudsimera,Yes
48558,6454444.com,6454444,Yes
54835,austrian-ice-racers.com,austrian-ice-racers,Yes
18930,engagemicro.com,engagemicro,Yes
38518,coloridilana.com,coloridilana,Yes
75515,investment-bible.com,investment-bible,Yes
96728,dentoncountydivorcenow.com,dentoncountydivorcenow,Yes
32870,ibuynj.com,ibuynj,Yes
40415,famouscomfortcenter.com,famouscomfortcenter,Yes
64778,aandbrecycling.com,aandbrecycling,Yes
40846,freexsl.com,freexsl,Yes
4433,atlantafosterpuppies.com,atlantafosterpuppies,Yes
93040,520196.com,520196,Yes
12582,4n0emii5d682tl3avrl0tcjbgqe2o606.com,4n0emii5d682tl3avrl0tcjbgqe2o606,Yes
47089,brilolifestyles.com,brilolifestyles,Yes
17400,90553669480.com,90553669480,Yes
66113,deqianjiaoyu.com,deqianjiaoyu,Yes
1860,amazonglobalpayments.com,amazonglobalpayments,Yes
19227,bjwume.com,bjwume,Yes
99884,betterfood-dortmund.com,betterfood-dortmund,Yes
59609,chaswilsonoffers.com,chaswilsonoffers,Yes
79008,je-ne-suis-pas-un-numero.com,je-ne-suis-pas-un-numero,Yes
38884,afrastheticsforyourworld.com,afrastheticsforyourworld,Yes
57888,ce4062.com,ce4062,Yes
32684,are-nordic.com,are-nordic,Yes
49949,ad-555.com,ad-555,Yes
40330,jaiohare.com,jaiohare,Yes
39177,hargrovepressurewashing.com,hargrovepressurewashing,Yes
94025,architectsoutlets.com,architectsoutlets,Yes
57462,futurustelemed.com,futurustelemed,Yes
65815,cryptonewsmania.com,cryptonewsmania,Yes
80487,cbasphaltut.com,cbasphaltut,Yes
81674,civicdancecenter.com,civicdancecenter,Yes
62004,adiumgames.com,adiumgames,Yes
74497,devotionalgallery.com,devotionalgallery,Yes
73844,e-clipsmedia.com,e-clipsmedia,Yes
61375,coolandclever.com,coolandclever,Yes
61035,impactaccounting.com,impactaccounting,Yes
99807,extracareuae.com,extracareuae,Yes
84542,halfloween.com,halfloween,Yes
33975,crmnf.com,crmnf,Yes
90695,joyousapparel.com,joyousapparel,Yes
24734,aissemblyline.com,aissemblyline,Yes
56958,antensatellite.com,antensatellite,Yes
47024,argentinamundo.com,argentinamundo,Yes
67256,drmariorecalde.com,drmariorecalde,Yes
92360,jundoss.com,jundoss,Yes
34634,1strevelationtattoo.com,1strevelationtattoo,Yes
18832,idnet-nl.com,idnet-nl,Yes
44574,bbet9119.com,bbet9119,Yes
13984,doorswestinc.com,doorswestinc,Yes
58856,effersol.com,effersol,Yes
67365,hiremelouis.com,hiremelouis,Yes
64090,geldtraum.com,geldtraum,Yes
51676,eshuapparel.com,eshuapparel,Yes
73855,codeventurist.com,codeventurist,Yes
32052,gofair-co.com,gofair-co,Yes
39569,acedigital360.com,acedigital360,Yes
17299,avconamerica.com,avconamerica,Yes
16712,aristoncrafts.com,aristoncrafts,Yes
11095,digital-customer-communication-group.com,digital-customer-communication-group,Yes
70118,asantesolar.com,asantesolar,Yes
80551,h810cjgm38o8a902phtcnr0enli6ug6g.com,h810cjgm38o8a902phtcnr0enli6ug6g,Yes
78956,accountantadvicescheme.com,accountantadvicescheme,Yes
76977,gc-collection.com,gc-collection,Yes
98109,generationruin.com,generationruin,Yes
71841,108underwear.com,108underwear,Yes
56449,jmsfutureenterprises.com,jmsfutureenterprises,Yes
23125,argodia.com,argodia,Yes
18064,hhhht.com,hhhht,Yes
32183,d8ified.com,d8ified,Yes
72398,52jojo.com,52jojo,Yes
14403,ahcgjs.com,ahcgjs,Yes
50062,comprarcocheenibiza.com,comprarcocheenibiza,Yes
21359,electricunicorn.com,electricunicorn,Yes
93509,annamanger.com,annamanger,Yes
74682,gbmglobalresources.com,gbmglobalresources,Yes
93927,amys-pfotenfreunde.com,amys-pfotenfreunde,Yes
8181,dappermindy.com,dappermindy,Yes
57038,angelromero510.com,angelromero510,Yes
44803,ageetvie.com,ageetvie,Yes
72618,boileri-caravan.com,boileri-caravan,Yes
2630,bullishinsights.com,bullishinsights,Yes
23163,babyschuhregal.com,babyschuhregal,Yes
11138,aqualife-indonesia.com,aqualife-indonesia,Yes
15502,gurrucid.com,gurrucid,Yes
93296,hiya-agency.com,hiya-agency,Yes
40543,invisionsolutnspro.com,invisionsolutnspro,Yes
96284,cortesadv.com,cortesadv,Yes
66481,changjiangmaritime.com,changjiangmaritime,Yes
54011,dragonriders1178.com,dragonriders1178,Yes
82767,anxinpatio.com,anxinpatio,Yes
38842,commrefrigconslaz.com,commrefrigconslaz,Yes
43335,abcdeforex.com,abcdeforex,Yes
4659,jrlitaly.com,jrlitaly,Yes
62438,careersatlevin.com,careersatlevin,Yes
86688,inspectisgroup.com,inspectisgroup,Yes
92570,bolgati.com,bolgati,Yes
42214,brosephstreet.com,brosephstreet,Yes
85973,atlantis2global.com,atlantis2global,Yes
66108,iveco-edri.com,iveco-edri,Yes
67944,5b3sb4jdg1gc82e7o9b3h6ettgmvenag.com,5b3sb4jdg1gc82e7o9b3h6ettgmvenag,Yes
99880,arizonasba.com,arizonasba,Yes
36592,bjmcmanagement.com,bjmcmanagement,Yes
90640,ds1209.com,ds1209,Yes
54336,chippascommunications.com,chippascommunications,Yes
73069,fesunat.com,fesunat,Yes
57031,coolpace.com,coolpace,Yes
16190,ada-manufacturing.com,ada-manufacturing,Yes
21237,aayandas.com,aayandas,Yes
51936,22v12.com,22v12,Yes
77501,algorcards.com,algorcards,Yes
40889,fororutas.com,fororutas,Yes
70140,goolize.com,goolize,Yes
86952,hharoyaljellypaper.com,hharoyaljellypaper,Yes
62643,cybersaif.com,cybersaif,Yes
41471,islamiclawyers.com,islamiclawyers,Yes
31492,healthyvegandishes.com,healthyvegandishes,Yes
84048,eclipsealgo.com,eclipsealgo,Yes
36890,bitcointom.com,bitcointom,Yes
75647,60c9ji7moibj1c4mgg7uv5pegjb5g59d.com,60c9ji7moibj1c4mgg7uv5pegjb5g59d,Yes
89243,itborna.com,itborna,Yes
89293,3msitepaving.com,3msitepaving,Yes
42130,igiveacrop.com,igiveacrop,Yes
14457,bussocg.com,bussocg,Yes
97809,gamblezine.com,gamblezine,Yes
14522,jara2000.com,jara2000,Yes
96756,devinnunesyoutube.com,devinnunesyoutube,Yes
26014,beratcitytours.com,beratcitytours,Yes
71929,greatinvestmentsggh.com,greatinvestmentsggh,Yes
99874,annoyingbrother.com,annoyingbrother,Yes
43411,ingvildbertelsen.com,ingvildbertelsen,Yes
62864,guitarg1rl.com,guitarg1rl,Yes
46218,farrah-shuang.com,farrah-shuang,Yes
83881,gsoop.com,gsoop,Yes
72367,glenmaryfarms.com,glenmaryfarms,Yes
54141,byganz.com,byganz,Yes
61721,adglitcher.com,adglitcher,Yes
40667,1tmfni.com,1tmfni,Yes
77072,discoveranatolia.com,discoveranatolia,Yes
91168,jaca-mall.com,jaca-mall,Yes
38706,full-powers.com,full-powers,Yes
86331,alfforceone.com,alfforceone,Yes
15493,dcwolford.com,dcwolford,Yes
96346,bluewavewrestling.com,bluewavewrestling,Yes
90756,bewealthyagent.com,bewealthyagent,Yes
1741,coldnosesports.com,coldnosesports,Yes
93951,earnalivingplayingmusic.com,earnalivingplayingmusic,Yes
1287,amumba.com,amumba,Yes
55544,cvpriceinvestments.com,cvpriceinvestments,Yes
15962,f-hu.com,f-hu,Yes
28339,hg-24.com,hg-24,Yes
91343,cartagospel.com,cartagospel,Yes
30850,acvcam.com,acvcam,Yes
37669,dashesy.com,dashesy,Yes
63483,crystals-australia.com,crystals-australia,Yes
32020,jengondelmannp.com,jengondelmannp,Yes
43130,bestiaryanthropocene.com,bestiaryanthropocene,Yes
8461,apx-crystal.com,apx-crystal,Yes
95914,juliagrandeart.com,juliagrandeart,Yes
34886,cheriewaters.com,cheriewaters,Yes
19231,coghillmedia.com,coghillmedia,Yes
95156,5n384tse5bas1pa27nbvdjaf3o2scpuu.com,5n384tse5bas1pa27nbvdjaf3o2scpuu,Yes
81999,gabrielcesana.com,gabrielcesana,Yes
33420,centerwithyoga.com,centerwithyoga,Yes
29622,airforcepopularstore.com,airforcepopularstore,Yes
21842,autosdeportivosdelujo.com,autosdeportivosdelujo,Yes
38670,joaquimantonioemidio.com,joaquimantonioemidio,Yes
2789,ciaramashea.com,ciaramashea,Yes
99111,clairecarrington.com,clairecarrington,Yes
21501,cdabluesfestival.com,cdabluesfestival,Yes
35922,astrologerparmeshwar.com,astrologerparmeshwar,Yes
23252,embosofficial.com,embosofficial,Yes
7136,gfoj.com,gfoj,Yes
33918,hr-measure.com,hr-measure,Yes
29439,1266slots19.com,1266slots19,Yes
33814,insectdistrict.com,insectdistrict,Yes
83051,eos3dprinting.com,eos3dprinting,Yes
30709,feednews.com,feednews,Yes
75685,guetertransporte.com,guetertransporte,Yes
22903,beinvestorconference2023.com,beinvestorconference2023,Yes
62778,evrendigital.com,evrendigital,Yes
71234,desirv.com,desirv,Yes
9517,jomalcolm.com,jomalcolm,Yes
21736,humantransitions.com,humantransitions,Yes
63834,3lsearchpartners.com,3lsearchpartners,Yes
26009,400hurtz.com,400hurtz,Yes
7804,hammer-ausbildung.com,hammer-ausbildung,Yes
83635,aspectcontent.com,aspectcontent,Yes
87165,join-vrf.com,join-vrf,Yes
70445,carsmiami-rents.com,carsmiami-rents,Yes
9201,1eyecrew.com,1eyecrew,Yes
68143,boislaurentien.com,boislaurentien,Yes
87083,betteronlinebureau.com,betteronlinebureau,Yes
51577,areacode-jp.com,areacode-jp,Yes
87806,fairydare.com,fairydare,Yes
25687,jesusanddemocracy.com,jesusanddemocracy,Yes
50998,jcamerican.com,jcamerican,Yes
47092,17672222.com,17672222,Yes
24537,dinfremtid.com,dinfremtid,Yes
78945,baseball-store.com,baseball-store,Yes
89918,ardellstonedance.com,ardellstonedance,Yes
73738,3esqjy.com,3esqjy,Yes
9126,igepa-deutschland.com,igepa-deutschland,Yes
6661,29lingfieldroad.com,29lingfieldroad,Yes
66844,interchives.com,interchives,Yes
68446,jesuisbeau.com,jesuisbeau,Yes
78636,american-stranger.com,american-stranger,Yes
73586,deltagentactiva.com,deltagentactiva,Yes
57021,arhausloft.com,arhausloft,Yes
81282,citrixbenefits.com,citrixbenefits,Yes
56999,bodybuildingexpo.com,bodybuildingexpo,Yes
78191,drgruenwald.com,drgruenwald,Yes
47605,alpinewhitegoldenretrievers.com,alpinewhitegoldenretrievers,Yes
8157,cosslong.com,cosslong,Yes
20321,daphnepaulsen.com,daphnepaulsen,Yes
12049,gragnanofood.com,gragnanofood,Yes
30505,crustcritic.com,crustcritic,Yes
70565,bancoitauconsignadossa.com,bancoitauconsignadossa,Yes
9876,effalldebt.com,effalldebt,Yes
94329,isogsyf.com,isogsyf,Yes
78831,carlomanca.com,carlomanca,Yes
90412,blysseon.com,blysseon,Yes
82115,fivediamondsedanservice.com,fivediamondsedanservice,Yes
8170,5wuma.com,5wuma,Yes
83525,ibsbelladc.com,ibsbelladc,Yes
20635,jdandcogroup.com,jdandcogroup,Yes
56794,headwaterinfo.com,headwaterinfo,Yes
66989,goldengolfinsiders.com,goldengolfinsiders,Yes
15541,costacorner.com,costacorner,Yes
58374,getfitcanada.com,getfitcanada,Yes
91505,bellounette.com,bellounette,Yes
99839,apparelnfts.com,apparelnfts,Yes
27029,affordable-automotive.com,affordable-automotive,Yes
61639,drjeffreymair.com,drjeffreymair,Yes
22334,092711.com,092711,Yes
35611,dutchfurn.com,dutchfurn,Yes
43991,bitcoinbogan.com,bitcoinbogan,Yes
37913,bectors.com,bectors,Yes
33110,freshnaturaljuice.com,freshnaturaljuice,Yes
18952,allmetsafetytools.com,allmetsafetytools,Yes
78468,hgodfrey.com,hgodfrey,Yes
13868,didaoxian.com,didaoxian,Yes
42324,expressdel.com,expressdel,Yes
31890,aviationadvisorsgroup.com,aviationadvisorsgroup,Yes
91098,atsbuilding.com,atsbuilding,Yes
40153,aitiyu307.com,aitiyu307,Yes
8627,hermanntamayo.com,hermanntamayo,Yes
38463,almostaghfirmobile.com,almostaghfirmobile,Yes
73208,christopherlozada.com,christopherlozada,Yes
6238,aida-reisen.com,aida-reisen,Yes
77336,j9ummd41b094j0f50s9f3b52ub8uuqah.com,j9ummd41b094j0f50s9f3b52ub8uuqah,Yes
48881,5gwarfareblog.com,5gwarfareblog,Yes
88618,caveauprofumeriaartistica.com,caveauprofumeriaartistica,Yes
49697,comfyfluffy.com,comfyfluffy,Yes
65882,amazonbioeco.com,amazonbioeco,Yes
9986,ibonetxebeste.com,ibonetxebeste,Yes
45084,imgsurvivalguide.com,imgsurvivalguide,Yes
92245,coffee-meow-meow.com,coffee-meow-meow,Yes
11125,71787668.com,71787668,Yes
28672,getecosystem.com,getecosystem,Yes
93360,36463456867.com,36463456867,Yes
68012,elfogonmexicanbargrill.com,elfogonmexicanbargrill,Yes
43293,iaqitpy.com,iaqitpy,Yes
5506,danielepillittu.com,danielepillittu,Yes
56164,huangdun.com,huangdun,Yes
248,fnnow.com,fnnow,Yes
51683,faidth.com,faidth,Yes
6540,dns2.afone-telecom.com,dns2.afone-telecom,Yes
95889,fipronex.com,fipronex,Yes
9705,bonsaiandblooms.com,bonsaiandblooms,Yes
60531,hugorhill.com,hugorhill,Yes
4454,aiamaine.com,aiamaine,Yes
56965,augustineyates.com,augustineyates,Yes
26572,airconditionerslahabra.com,airconditionerslahabra,Yes
29073,blestconsulting.com,blestconsulting,Yes
7435,digitalresets.com,digitalresets,Yes
66151,indilisa.com,indilisa,Yes
29452,gomattergen.com,gomattergen,Yes
4937,76vblajet6f2ddnea219qsih3gvnup7g.com,76vblajet6f2ddnea219qsih3gvnup7g,Yes
65995,bacbtu.com,bacbtu,Yes
16408,dabblegabble.com,dabblegabble,Yes
91611,izzz-group.com,izzz-group,Yes
77602,gerstendesign.com,gerstendesign,Yes
62948,gastronomie-schirme.com,gastronomie-schirme,Yes
40877,generalbilisim.com,generalbilisim,Yes
7260,aliexbest.com,aliexbest,Yes
79475,developsbox.com,developsbox,Yes
92334,apartmentsingle.com,apartmentsingle,Yes
29392,abbottrading.com,abbottrading,Yes
57110,aerlextax.com,aerlextax,Yes
41427,frhlevelstore.com,frhlevelstore,Yes
55647,embuscade-ardennaise.com,embuscade-ardennaise,Yes
14009,cajavus.com,cajavus,Yes
19648,candycarverart.com,candycarverart,Yes
14247,chauffeurmonaco.com,chauffeurmonaco,Yes
41385,acitycoffee.com,acitycoffee,Yes
70081,b-stp.com,b-stp,Yes
68645,3dyummy.com,3dyummy,Yes
14140,eastpointedental.com,eastpointedental,Yes
61128,decafsociety.com,decafsociety,Yes
35046,globeragroup.com,globeragroup,Yes
10293,729900.com,729900,Yes
63453,ingdna.com,ingdna,Yes
66185,blueservemail.com,blueservemail,Yes
19827,hf88888vip2.com,hf88888vip2,Yes
90746,handyoustore.com,handyoustore,Yes
87963,fineartsbuy.com,fineartsbuy,Yes
31250,hillarylinmd.com,hillarylinmd,Yes
5267,barzito.com,barzito,Yes
12782,bdty1258.com,bdty1258,Yes
79408,colorleaf-craft.com,colorleaf-craft,Yes
18423,fortcollinscabinets.com,fortcollinscabinets,Yes
48759,garrandsmotorsports.com,garrandsmotorsports,Yes
54009,daac-bd.com,daac-bd,Yes
87458,crystaldub.com,crystaldub,Yes
97313,faeriesteed.com,faeriesteed,Yes
18282,jlcqc.com,jlcqc,Yes
12148,6cdvrolq6t3n4hrvmb33neh5p53rt2br.com,6cdvrolq6t3n4hrvmb33neh5p53rt2br,Yes
27428,fathertimeauction.com,fathertimeauction,Yes
36071,cheryltbo.com,cheryltbo,Yes
83322,87633.com,87633,Yes
43415,ecommercepartnersapp.com,ecommercepartnersapp,Yes
16729,alivehelp.com,alivehelp,Yes
12160,itsiebitsiebullies.com,itsiebitsiebullies,Yes
13809,bitradehm.com,bitradehm,Yes
67953,justinchristian17.com,justinchristian17,Yes
44290,8a10uem8rbrvcf6559lnus4oniicp07p.com,8a10uem8rbrvcf6559lnus4oniicp07p,Yes
28860,callmejorge.com,callmejorge,Yes
39859,je-rembourse.com,je-rembourse,Yes
84722,2ndmaincoffee.com,2ndmaincoffee,Yes
91260,glattisen.com,glattisen,Yes
75173,gynecologistorlando.com,gynecologistorlando,Yes
57998,dogdoosnowcone.com,dogdoosnowcone,Yes
45867,easytaxi85.com,easytaxi85,Yes
16551,igrowaz.com,igrowaz,Yes
41844,builtcares.com,builtcares,Yes
19855,gz81yst.com,gz81yst,Yes
12778,casangladabenasque.com,casangladabenasque,Yes
81659,fivestarfloors.com,fivestarfloors,Yes
65461,448x8.com,448x8,Yes
50231,digitalasets.com,digitalasets,Yes
46280,avivitdesign.com,avivitdesign,Yes
79549,dancecolective.com,dancecolective,Yes
55446,austintuxedo.com,austintuxedo,Yes
15676,guhuatech.com,guhuatech,Yes
33608,biminischarters.com,biminischarters,Yes
39845,flxhere.com,flxhere,Yes
32309,iiesnanded.com,iiesnanded,Yes
77833,blue22capital.com,blue22capital,Yes
42417,betmetre76.com,betmetre76,Yes
59820,aaceenterprisesllc.com,aaceenterprisesllc,Yes
87947,capitalcityflow.com,capitalcityflow,Yes
4634,dextezomedia.com,dextezomedia,Yes
34827,f2v0lm91m1uv0euvd0cojag1pqjrhgdo.com,f2v0lm91m1uv0euvd0cojag1pqjrhgdo,Yes
27808,ascend-aia.com,ascend-aia,Yes
47475,gbcomunicazione.com,gbcomunicazione,Yes
90973,focusdzine.com,focusdzine,Yes
98874,cryptovestment.com,cryptovestment,Yes
48770,atc86.com,atc86,Yes
17209,gyprofessionalpaintingllc.com,gyprofessionalpaintingllc,Yes
75110,ehrlicher-umgang-mit-dem-wolf.com,ehrlicher-umgang-mit-dem-wolf,Yes
29872,531424.com,531424,Yes
10729,alboeyewear.com,alboeyewear,Yes
59428,futureforges.com,futureforges,Yes
59653,beech-v35b.com,beech-v35b,Yes
90724,boxedportraits.com,boxedportraits,Yes
97888,dem-10.com,dem-10,Yes
93154,dolgulusimit.com,dolgulusimit,Yes
11070,30daywebdesign.com,30daywebdesign,Yes
98888,crewsandpesquera.com,crewsandpesquera,Yes
8899,engyluz.com,engyluz,Yes
93591,functionalmedjumpstart.com,functionalmedjumpstart,Yes
14571,iga-goatworld.com,iga-goatworld,Yes
96894,efficienttoolmasters.com,efficienttoolmasters,Yes
53695,averhealh.com,averhealh,Yes
86992,baizhi178.com,baizhi178,Yes
70472,jiaxunsy.com,jiaxunsy,Yes
75438,clubwebsolutions.com,clubwebsolutions,Yes
18149,cartasenjuego.com,cartasenjuego,Yes
54767,6789xpj.com,6789xpj,Yes
87302,iweldigital.com,iweldigital,Yes
82895,busfactorpodcast.com,busfactorpodcast,Yes
43467,first-hand-consulting.com,first-hand-consulting,Yes
62910,gftab.com,gftab,Yes
53182,basisplaatventielen.com,basisplaatventielen,Yes
60870,hanindersachdeva.com,hanindersachdeva,Yes
45132,happywealthymom.com,happywealthymom,Yes
42309,cyndiprocess.com,cyndiprocess,Yes
48161,autoinsuranceplace.com,autoinsuranceplace,Yes
23942,evilunleashed.com,evilunleashed,Yes
86444,equalitytechnology.com,equalitytechnology,Yes
58803,bryantrodriguez.com,bryantrodriguez,Yes
46699,huantar.com,huantar,Yes
62457,beautifulandbasicaf.com,beautifulandbasicaf,Yes
66540,advocates-us.com,advocates-us,Yes
11770,315huojia.com,315huojia,Yes
53754,jenwallet.com,jenwallet,Yes
65144,charliespear.com,charliespear,Yes
42587,b90778.com,b90778,Yes
53745,dutchtradeoffice.com,dutchtradeoffice,Yes
78987,bimlegaladvocaten.com,bimlegaladvocaten,Yes
32153,bgmojo.com,bgmojo,Yes
66496,innerlips.com,innerlips,Yes
70704,equipemadore.com,equipemadore,Yes
3279,fingerguards.com,fingerguards,Yes
78960,joepradetto.com,joepradetto,Yes
41500,harlingenrecruiter.com,harlingenrecruiter,Yes
39436,123-baby-names.com,123-baby-names,Yes
29273,averyspauldingallen.com,averyspauldingallen,Yes
14319,7f999.com,7f999,Yes
20491,grupolacerda.com,grupolacerda,Yes
71468,adcelogistics.com,adcelogistics,Yes
8287,202122.com,202122,Yes
56865,bythebayresort.com,bythebayresort,Yes
6527,abrechnung.com,abrechnung,Yes
42509,jrmunoz.com,jrmunoz,Yes
21158,caticilaras.com,caticilaras,Yes
95837,georgeabraham.com,georgeabraham,Yes
19091,chrischiaramonte.com,chrischiaramonte,Yes
43229,hbhideaway.com,hbhideaway,Yes
3859,betball90-d.com,betball90-d,Yes
74805,buyezmessenger.com,buyezmessenger,Yes
94890,esmanumanovic.com,esmanumanovic,Yes
28307,cstoempire.com,cstoempire,Yes
38187,boerboelgroup.com,boerboelgroup,Yes
81440,asphaltpavingpasadenatx.com,asphaltpavingpasadenatx,Yes
53900,2m4ffq5rtssutm8ndcii7eipae3ccjgb.com,2m4ffq5rtssutm8ndcii7eipae3ccjgb,Yes
1908,coldscreen.com,coldscreen,Yes
55753,csvrxviagra.com,csvrxviagra,Yes
23025,freeportmetricsinc.com,freeportmetricsinc,Yes
805,bonebrothdiet.com,bonebrothdiet,Yes
45631,adriandaydesign.com,adriandaydesign,Yes
19667,joyooo.com,joyooo,Yes
25869,flirtmailin.com,flirtmailin,Yes
28265,apexvalt.com,apexvalt,Yes
10677,callisburgcommunitycenter.com,callisburgcommunitycenter,Yes
22443,grofud.com,grofud,Yes
23769,haewondial.com,haewondial,Yes
6851,91srtqsmpeig54q56q4nhmvuqdau8b64.com,91srtqsmpeig54q56q4nhmvuqdau8b64,Yes
33649,insurancecoveragehelpline.com,insurancecoveragehelpline,Yes
25100,columbusave.com,columbusave,Yes
16003,higgsair.com,higgsair,Yes
70760,bodegascarpediem.com,bodegascarpediem,Yes
37172,catandcianday.com,catandcianday,Yes
65621,8ya8.com,8ya8,Yes
94879,bonmojo.com,bonmojo,Yes
54424,drharrisproducts.com,drharrisproducts,Yes
5857,dusarishaadi.com,dusarishaadi,Yes
21949,huangsewanzhan.com,huangsewanzhan,Yes
27277,justlii.com,justlii,Yes
69564,euroconplumbing.com,euroconplumbing,Yes
9184,integrityconnective.com,integrityconnective,Yes
99823,ivepa.com,ivepa,Yes
46213,be-aluminiumschmiede.com,be-aluminiumschmiede,Yes
92655,hairydtails.com,hairydtails,Yes
26858,glazemaine.com,glazemaine,Yes
44314,cottonconfections.com,cottonconfections,Yes
10780,annecy-loisirs.com,annecy-loisirs,Yes
21785,intermondesconsulting.com,intermondesconsulting,Yes
25584,duodtea.com,duodtea,Yes
77580,diamond.tisanepal.com,diamond.tisanepal,Yes
11396,exlash.com,exlash,Yes
29633,justynafloral.com,justynafloral,Yes
84950,crosssellapp.com,crosssellapp,Yes
34292,abogada-colombiano.com,abogada-colombiano,Yes
97640,buisinesscards.com,buisinesscards,Yes
49100,elasun-secret.com,elasun-secret,Yes
30743,jjtwinaffiliates.com,jjtwinaffiliates,Yes
96431,canisfeles.com,canisfeles,Yes
97617,abeyaw.com,abeyaw,Yes