,Domain Name,Segmentation
99968,digiweb360.com,digi|web|360
19557,alovingpracticetherapy.com,a|loving|practice|therapy
87542,hillstrom.com,hillstrom
35321,joecjohnson.com,joe|c|johnson
48347,imaco-products-solutions.com,imaco|products|solutions
54759,dogtrainerfortmyers.com,dog|trainer|fort|myers
60008,bstcoins.com,bst|coins
20968,elpayasodelasventas.com,el|paya|sode|las|ventas
5675,hitscreeningservice.com,hit|screening|service
40637,iborrahnos.com,iborra|ahnos
66669,agapedaycareandlearningcenter.com,agape|daycare|and|learning|center
63904,avanzamail.com,avanza|mail
23259,churchhilldownsincorporated.com,churchill|downs|incorporated
96156,artstephano.com,art|stephano
44947,e-faceboo0.com,e|faceboo|0
5920,fedecopa.com,fed|ecopa
54366,federicobonifazi.com,federico|boni|fazi
7808,bell-theatre.com,bell|theatre
85423,agroribera.com,agro|ribera
91011,instijlmedia.com,instijl|media
95123,grangeoutpost.com,grange|outpost
61528,integrativebodybalance.com,integrative|body|balance
16297,jonanmoimportaciones.com,jon|anmo|importaciones
28400,enfinjevaisbien.com,en|fin|jevais|bien
80675,allproasphalt3.com,all|pro|asphalt|3
98573,ginestreeservice.com,gines|tree|service
2214,igomyway.com,i|go|my|way
56993,fishermcrae.com,fisher|mcrae
91536,gbccms.com,gbccms
70723,capital-cnc.com,capital|cnc
59006,encanducollectionneur.com,encandu|collection|neur
91834,jonathanfarran.com,jonathan|farran
224,fosmore.com,fosmore
41793,amiratravelagency.com,amira|travel|agency
55822,concreteefficiency.com,concrete|efficiency
26058,ams20test.com,ams|20|test
48617,bet5322.com,bet|5322
76192,intelligentautomobiles.com,intelligent|automobiles
57302,cotesia.com,cotesia
42286,claremontcandles.com,claremont|candles
84244,calcarios.com,calcarios
96066,continentie-expert.com,continentie|expert
81959,fidalsl.com,fidalsl
39492,etthundra.com,et|thundra
70199,clootique.com,clootique
2036,aiiagroup.com,aiia|group
42168,clermontacrylicwindows.com,clermont|acrylic|windows
955,doncowansellssumter.com,don|cowan|sells|sumter
7586,agorabuilt.com,agora|built
50698,5minutesbody.com,5|minutes|body
21285,i-popai.com,i|popai
25476,fountainbleaulasvegas.com,fountain|bleau|las|vegas
70431,everettcomputerepair.com,everett|computer|repair
10135,emfdefence.com,emf|defence
22411,cointradegenius.com,cointra|de|genius
29669,daisyscreations-sa.com,daisys|creations|sa
2193,brazilianweightloss2024.com,brazilian|weight|loss|2024
10679,bouyssi.com,bouyssi
59651,jfrcontracting.com,jfr|contracting
33832,barrfinancialplanning.com,barr|financial|planning
47317,gnomenets.com,gnome|nets
6278,agidental.com,agi|dental
66320,erxbonus1.com,erx|bonus|1
96907,doctor-eliseo.com,doctor|eliseo
74471,activrecruitment.com,activ|recruitment
85908,bodygearlabs.com,body|gear|labs
67501,estuditres.com,estuditres
62878,consultationyard.com,consultation|yard
1670,hainamship.com,hainam|ship
92877,gruponef.com,grupo|nef
76042,davsdenim.com,davs|denim
90447,fineartroyal.com,fine|art|royal
32804,jeepmidlandssc.com,jeep|midland|ssc
83384,aotngc.com,aotngc
49565,decentralizingai.com,decentralizing|ai
24774,68csn.com,68csn
89944,advogadameggielecioli.com,advogada|meggie|lecioli
44448,deniy.com,deniy
89824,d71rhsc2jqmur6ih9udfi9vpmm5cn1mc.com,d71rhsc2jqmur6ih9udfi9vpmm5cn1mc
37059,brightwoman.com,bright|woman
42635,harbolo.com,harbolo
8030,contractorsnorthwest.com,constractors|northwest
55456,chicoboutique.com,chico|boutique
11350,avpachealth.com,avpac|health
82471,gentech-films.com,gentech|films
9147,grupodelco.com,grupo|del|co
93278,cw-dig.com,cw|dig
36083,doctorlilab.com,doctor|li|lab
40093,cnet-opticiens.com,cnet|opticiens
26889,fountainhillsrental.com,fountain|hills|rental
99281,hidrototal.com,hidro|total
89523,asrlog.com,asr|log
81640,cropgenius.com,crop|genius
42631,dollarsforsense.com,dollars|for|sense
91231,chadla.com,chad|la
8524,apptuto.com,app|tuto
80742,189136.com,189136
7762,1am5ceqao00eph556fv4606msh16d7v5.com,1am5ceqao00eph556fv4606msh16d7v5
31197,encouragementmonday.com,encouragement|monday
68602,innovativetechs.com,innovative|techs
74071,acchanto.com,acchanto
13488,fullofitfarm.com,fullo|fit|farm
65656,cleous.com,cleous
36384,aliciajhatch.com,alicia|j|hatch
70689,anderillium.com,ander|illium
14616,diandd.com,dian|dd
54956,grandamalfi.com,granda|mal|fi
39965,canvaults.com,can|vaults
86440,eventbrites.com,event|brites
11832,atshero.com,ats|hero
78267,general-humanoid-robot.com,general|humanoid|robot
81629,anvilleaux.com,anville|aux
48907,deafvpdating.com,deaf|vp|dating
67613,953674.com,953674
36661,getpictureit.com,get|picture|it
94310,dominicchambersstudiollc.com,dominic|chambers|studio|llc
12358,1wweb.com,1w|web
71371,havasulionsfc.com,havasulion|sfc
94775,caefinecarpentry.com,cae|fine|carpentry
72215,bertrandfineart.com,bert|rand|fine|art
5135,finalstrands.com,final|strands
19585,adaoui.com,adaoui
11078,forcecoqa.com,force|coqa
47627,cadi-plus.com,cadi|plus
34447,ibarraelectrical.com,ibarra|electrical
35595,infosqueezer.com,info|squeezer
48226,discountforunions.com,discount|for|unions
10548,intclintrial.com,int|clin|trial
58356,collectionbgone.com,collection|bgone
78060,atmconverter.com,atm|converter
63510,emilyesmith.com,emily|e|smith
95265,andhralivetv.com,andhra|live|tv
74420,imv-usa.com,imv|usa
63492,don-law.com,don|law
44257,egotrim.com,ego|trim
82268,jlconstrutic.com,jl|construtic
18872,jasongallicchio.com,jason|gallicchio
32778,doorproperty.com,door|property
27615,ddz40.com,ddz40
51028,hesabdarisanati.com,hesabdarisanati
88004,bashbrawl.com,bash|brawl
83017,intelligentsecuritysc.com,intelligent|security|sc
70261,americancountryoutdoors.com,american|country|outdoors
77590,apartmentsneeded.com,apartments|needed
58650,claddingdirects.com,cladding|directs
28421,bathroomsontap.com,bathrooms|on|tap
79303,dragonheadpress.com,dragon|head|press
73348,jgonzdesigns.com,jgonz|designs
49847,ai-chatgpt3.com,ai|chatgpt3
85895,done6.com,done|6
54882,healthyfitandthriving.com,healthy|fit|and|thriving
64151,amanda-gahan.com,amanda|gahan
54701,cantaiyi.com,cantaiyi
88215,discoverwest.com,discover|west
21289,diagnostictestingcenters.com,diagnostic|testing|centers
84152,diltswetzel.com,dilt|swetzel
50950,aspectvu.com,aspect|vu
78873,firestarterfx.com,fire|starter|fx
59813,ecofillbins.com,eco|fill|bins
46892,iairawards.com,iair|awards
97911,jacobboydston.com,jacob|boydston
99030,awaywithwordsbrands.com,away|with|words|brands
3272,indeedapplyonlinejobs.com,indeed|apply|online|jobs
30719,37058.com,37058
21971,beyondthrilled.com,beyond|thrilled
31707,italyquestions.com,italy|questions
83931,dtoolbox2.com,d|toolbox|2
80681,iactivateliveapp.com,i|activate|live|app
47481,huitongnian.com,huitong|nian
96962,davinci3dengine.com,davinci|3d|engine
15005,journeywus.com,journey|w|us
25125,arealtrading.com,a|real|trading
7668,glowwithgia.com,glow|with|gia
72567,gentlesleepfamily.com,gentle|sleep|family
24634,artisan-recordingstudio.com,artisan|recording|studio
51556,dough-sheeter.com,dough|sheeter
18417,drivernomadoguchi.com,driver|noma|doguchi
52456,fauxstr8.com,faux|str8
30667,gdcqt.com,gdcqt
87922,dataohumility.com,da|tao|humility
84828,femaoutfitters.com,fema|outfitters
36388,fraximsearch.com,fraxim|search
74002,elmiria.com,el|miria
31406,heavenation.com,heave|nation
25966,contactaga.com,contact|aga
86741,fishingprints.com,fishing|prints
25197,cl-bcn.com,cl|bcn
80652,ccninos.com,cc|ninos
67026,gelsetgrafica.com,gel|set|grafica
27858,affectux.com,affect|ux
21338,aloha234slot.com,aloha|234|slot
75212,cbreric.com,cbr|eric
32437,cardiometabolicsummit2024.com,cardio|metabolic|summit|2024
22253,emersonwatts.com,emerson|watts
90418,f61qv88.com,f61qv88
70037,foodfreezedryers.com,food|freeze|dryers
44336,berrodagua.com,berrod|agua
33999,columbusnewsonline.com,columbus|news|online
46680,brunachagasarquitetura.com,bruna|chagas|ar|quite|tura
34795,immocards.com,immo|cards
50168,jstransition.com,js|transition
59792,infinixtcoin.com,infinixt|coin
22921,inotherwordse.com,in|other|wordse
32322,beeniesicecream.com,beenies|ice|cream
28100,buymyrbetriqonline.com,buy|my|rbetriq|online
22925,dayoutdoors.com,day|outdoors
81074,appresonate.com,appreso|nate
52777,carreramiahaysalida.com,carrera|mia|hay|salida
55495,atsirecovery.com,ats|i|recovery
23188,jacomforts.com,ja|comforts
82922,exceptionalleaders.com,exceptional|leaders
74621,ganda88login.com,ganda|88|login
43128,evggds.com,evggds
26656,aiyou152.com,ai|you|152
57353,b4byte.com,b4|byte
59036,decordeets.com,decor|deets
11470,avanipluspalmdubais.com,avani|plus|palm|dubais
30171,espectopatronum.com,especto|patronum
14298,datascience247.com,data|science|247
24351,enchantedstylesva.com,enchanted|styles|va
9936,bluexor.com,blue|xor
38235,joefoot.com,joe|foot
15556,activeleteathletics.com,active|lete|athletics
82027,fa90.com,fa90
39877,h0lpjpnlgen44i3dldpmhjns4m2l6bfh.com,h0lpjpnlgen44i3dldpmhjns4m2l6bfh
70224,jccrichmond.com,jcc|richmond
65376,careersuccessaus.com,career|success|aus
99576,cwellis.com,cw|ellis
8058,geofencetag.com,geo|fence|tag
78718,jessieannebrunson.com,jessie|anne|brunson
61145,belairmvp.com,bel|air|mvp
93546,botsaigonreadymix.com,bot|saigon|ready|mix
61464,gardineranderson.com,gardiner|anderson
45314,britisbulls.com,brit|is|bulls
56102,btbtextile.com,btb|textile
34389,7fugame.com,7fu|game
91116,cpcapv.com,cpcapv
58904,floor911.com,floor|911
53871,domimmo-transaction.com,domimmo|transaction
28904,br-777.com,br|777
48594,agorathlon.com,agorathlon
6468,aibrainspace.com,ai|brain|space
44657,birstacity.com,birsta|city
4285,herdoglife.com,herd|og|life
68563,justindumanlee.com,justin|duman|lee
52382,bosgadangdev.com,bosga|dang|dev
68048,f3f1.com,f3f1
1493,1888getsbli.com,1888|gets|bli
57572,8035888.com,8035888
44529,attentivegoods.com,attentive|goods
60627,gowerdclove.com,go|werd|clove
69461,badcinderellathemusical.com,bad|cinderella|the|musical
1962,airesyelectrodomesticos.com,aires|y|electro|domesticos
8070,gritandlearning.com,grit|and|learning
13056,alpilahaircare.com,alpila|hair|care
38674,ishaanmehra.com,ishaan|mehra
73355,jobsload.com,jobs|load
46825,apcargill.com,ap|car|gill
19879,extreemgolfen.com,extreem|golf|en
43526,donttouchmyclothing.com,dont|touch|my|clothing
44361,beyondthebathroom.com,beyond|the|bathroom
44944,agustinpisonero.com,agustin|pisonero
25742,ds-students.com,ds|students
22137,939yf.com,939|yf
43900,geologxl.com,geo|log|xl
59581,contentnowaiting.com,content|no|waiting
33741,doxaservices.com,doxa|services
4067,auerdicocreative.com,auerdico|creative
99794,9u0q41vo04c878ei4u9dug4g6jsof9cq.com,9u0q41vo04c878ei4u9dug4g6jsof9cq
13228,bodiiu.com,bodiiu
46209,egamecn.com,e|game|cn
64431,buggaworld.com,bugga|world
90482,cnyingpi.com,cn|ying|pi
46256,atijarigestion.com,ati|jari|gestion
26688,chiefivey.com,chief|ivey
90059,84f6d0ji6tma45m7gv89ficlr4ccvvt0.com,84f6d0ji6tma45m7gv89ficlr4ccvvt0
58253,cahillroofingnh.com,ca|hill|roofing|nh
69049,extaselingerie.com,extase|lingerie
65756,familytreeclinic.com,family|tree|clinic
14701,anandaconecta.com,ananda|conecta
22830,bbwd.com,bbwd
30530,arabcofarm.com,arab|co|farm
14866,buntinginspections.com,bunting|inspections
99475,church-brothers.com,church|brothers
13199,aquatechboats.com,aqua|tech|boats
53161,constructiondmb.com,construction|dmb
25891,festijo.com,festijo
26842,5j5ja1.com,5j5a1
29987,jessehazel.com,jesse|hazel
90004,30acostablanca.com,30|acosta|blanca
58036,foundertouch.com,founder|touch
75160,acvacars.com,ac|va|cars
65260,compensacionaltrabajadornc.com,compensacional|trabajador|nc
29766,judyasman1.com,judy|as|man|1
53994,advancedlaserbeauty.com,advanced|laser|beauty
88276,foreignfeelinzapparel.com,foreign|feelinz|apparel
95585,iconevcartparts.com,icon|ev|cart|parts
69952,innovationbonfire.com,innovation|bonfire
69460,executivechristianmatch.com,executive|christian|match
70587,ht7uos0nu1nc89026o4bsc0g7md466fr.com,ht7uos0nu1nc89026o4bsc0g7md466fr
13367,eliterents004.com,elite|rents|004
81232,gobuzzz.com,go|buzzz
71981,2rqmflfon427sa301o50b247b0pp1ao9.com,2rqmflfon427sa301o50b247b0pp1ao9
28126,fancaptain.com,fan|captain
60645,headforpeace.com,head|for|peace
14138,harvestsnooze.com,harvest|snooze
86868,cocoestudiocr.com,cocoe|studio|cr
1645,burlaceconstructions.com,burlace|constructions
47372,bombayburitto.com,bombay|buritto
17854,elviradavisinsurance.com,elvira|davis|insurance
49225,ivfchemist.com,ivf|chemist
35289,eileenandco.com,eileen|and|co
45277,jangsong.com,jang|song
8419,farmaciasdemalaga.com,farmacias|demalaga
96559,1vendor.com,1|vendor
10235,120agencyplan.com,120|agency|plan
19235,bessielau.com,bessie|lau
3989,58saint.com,58|saint
60666,audiovideotranscription.com,audio|video|transcription
37280,hrxjfc.com,hrxjfc
34798,barabasonline.com,barabas|oneline
30195,3wwxx.com,3wwxx
27255,cherylbaum.com,cheryl|baum
40303,auenterprises.com,au|enterprises
90800,bloomroadconsulting.com,bloom|road|consulting
44826,295633.com,295633
25528,ailingeries.com,ai|lingeries
48857,direct2enochs.com,direct|2|enochs
61432,deloittelabs.com,deloitte|labs
54911,hq1110.com,hq1110
13926,digitalnurjahan.com,digital|nurjahan
91094,bcnbm0tqvoieujnd2gei8if1gt5ng7o5.com,bcnbm0tqvoieujnd2gei8if1gt5ng7o5
19656,collectorautomobiles.com,collector|automobiles
92156,cashfinancialllc.com,cash|financial|llc
70537,1myfarm.com,1|my|farm
32753,48660531.com,48660531
56463,csanimes.com,cs|animes
74898,foodfitnessandlife.com,food|fitness|and|life
5520,dmvluxurycoach.com,dmv|luxury|coach
20169,apureblisssalonanddayspa.com,a|pure|bliss|salon|and|day|spa
34467,huihuida.com,hui|hui|da
30177,cast365.com,cast|365
70460,bolichefilmes.com,boliche|filmes
76325,follettccp.com,follett|ccp
97739,jaxquotes.com,jax|quotes
13782,bellemonat.com,bellemo|nat
28716,clarencemanor.com,clarance|manor
89696,ibrahimandibrahim.com,ibrahim|and|ibrahim
25713,discountedspray.com,discounted|spray
2565,huaruiwm.com,huarui|wm
30523,customprintsnz.com,custom|prints|nz
89689,hg55278.com,hg55278
64797,amyrischemicals.com,amyris|chemicals
43464,dontmanchinit.com,dont|man|chin|it
12304,botembetullochgroup.com,botem|betulloch|group
39041,cheteatro.com,chet|eat|ro
53627,dogtraineraugusta.com,dog|trainer|augusta
61720,grtogether.com,gr|together
72883,ge19pd9ldn82l55quqntfmuj05gccdr0.com,ge19pd9ldn82l55quqntfmuj05gccdr0
26382,irlbach.com,irl|bach
89439,chasityfortenberry.com,chasity|for|ten|berry
34855,ericlingram.com,eric|lingram
50455,080zy.com,080zy
14914,arechiga.com,arechiga
32418,anxacoaching.com,anxa|coaching
16763,californiasba.com,california|sba
44560,decarbmyfootprint.com,decarb|my|footprint
16860,demcoelectrical.com,demco|electrical
48831,cjelcreadorconstruction.com,cj|el|creador|construction
41139,autorepairandsmog.com,auto|repair|and|smog
60230,floridamoldremediationpros.com,florida|mold|remediation|pros
33794,digitalconverters.com,digital|converters
89881,familycenteroftempleterrace.com,family|center|of|temple|terrace
90723,atomopt.com,atom|opt
72934,hatsu-no.com,hatsu|no
5722,clevelandovereverything.com,cleveland|over|everything
12966,auctoritasrecords.com,auctoritas|records
72533,c-xm.com,c|xm
18835,judahgraham.com,judah|graham
1296,glagstudio.com,glag|studio
28376,conejosecurity.com,conejo|security
5586,code-caapi.com,code|caapi
94942,activatesedomls.com,activate|ese|dom|ls
73584,corefxcrm.com,core|fxcrm
70835,bowtownh.com,bow|town|h
13142,insidewindsor.com,inside|windsor
69510,discerning-taste.com,discerning|taste
69237,jonandhailey.com,jon|and|hailey
89802,decal-global.com,decal|global
19763,feelgood120.com,feel|good|120
64390,eastmancpa.com,east|man|cpa
87550,cdbenma.com,cd|ben|ma
65443,evvaclip.com,ev|va|clip
94063,buyingdrip.com,buying|drip
65739,dinaysm.com,dina|ysm
62301,generaldynamicscareers.com,general|dynamics|careers
15762,almacenricoh.com,al|macen|ricoh
75909,3b3o9ddj3091q58ci6faf75lvtmdb16l.com,3b3o9ddj3091q58ci6faf75lvtmdb16l
48383,aynurabbott.com,aynur|abbott
12618,albuquerqueremote.com,albuquerque|remote
89541,duxinlan.com,du|xin|lan
36789,fvgrth46722.com,fvgrth46722
4774,bestgoalmovers.com,best|goal|movers
6489,filmapes.com,film|apes
13100,gujarat360.com,gujarat|360
32075,decarbintelligence.com,decarb|intelligence
72126,ghanainvesttour.com,ghana|invest|tour
29927,fly-wild.com,fly|wild
78001,aaadiamondrings.com,aaa|diamond|rings
40631,fittszehl.com,fitts|zehl
29280,cenizowildlife.com,cenizo|wild|life
32000,42394.com,42394
44197,blissestheticsllc.com,bliss|esthetics|llc
25781,containergarages-usa.com,container|garages|usa
15757,bjsgwce.com,bjsgwce
70538,doggydayjobs.com,doggy|day|jobs
59041,durbec.com,durbec
64163,creazionebijoux.com,creazione|bijou|x
33861,aguglobal.com,agu|global
26464,ag3239.com,ag3239
10476,firstmemorialduncan.com,first|memorial|duncan
29042,carspictures.com,cars|pictures
73737,alltogether-entrepreneurship.com,all|together|entrepreneurship
23459,aqueumconsultancy.com,aqueum|consultancy
1832,iglesiarestauracolombia.com,iglesia|rest|aura|colombia
60152,8yus.com,8yus
92543,dazber.com,dazber
54751,actifout.com,actif|out
19652,jumblebundle.com,jumble|bundle
86026,hiddenwiregroup.com,hidden|wire|group
88317,darqpensar.com,darq|pensar
36435,abbyfarhat.com,abby|farhat
47885,armurerie-tpc.com,armurerie|tpc
86117,evanrwilson.com,evan|r|wilson
90028,joyfulwaves.com,joyful|waves
8630,jequieimprensa.com,je|quie|imprensa
69763,helenlab.com,helen|lab
41596,edgewoodinsus.com,edge|wood|ins|us
78711,aphroditeslounge.com,aphrodites|longue
52349,ifixstorepr.com,i|fix|store|pr
14257,aureuslab.com,aureus|lab
61101,cristina-oatley.com,cristina|oatley
45667,jiaosemrmf.com,jiaos|emrrmf
35666,ebusinessintegrator.com,e|business|integrator
24306,boolytics.com,boolytics
62683,agrihn.com,agrihn
51569,faroojbeirut.com,faroo|j|beirut
10338,ferriscompany.com,ferris|company
30681,districtofcolumbiaincorporation.com,district|of|columbia|incorporation
22928,autoodorblaster.com,auto|odor|blaster
21027,gembaistanbul.com,gemba|istanbul
8711,5m12s4q8qr72blrcbsmo07illrsqphbv.com,5m12s4q8qr72blrcbsmo07illrsqphbv
91586,hunnyb.com,hunny|b
93011,firstaim.com,first|aim
27794,creativehanddesign.com,creative|hand|design
88212,hameau-podvin.com,hameau|podvin
6152,chanceinfinie.com,chance|infinie
77991,amegatechnologies.com,a|mega|technologies
31612,delavuellc.com,de|lavue|llc
73160,fortworthdentalimplantcenter.com,fort|worth|dental|implant|center
77744,antorchasperu.com,antor|chas|peru
22939,boilervatenexpert.com,boiler|vaten|expert
54221,haciendadelmarcr.com,hacienda|del|marc|r
56000,franevolution.com,fran|evolution
15523,hgch2vgtasn468mh9gbt4d1gjmfr3vus.,hgch2vgtasn468mh9gbt4d1gjmfr3vus
77608,iamvellb.com,i|am|vell|b
20512,agu-boz3c.com,agu|boz3c
20125,expococha.com,expo|cocha
12312,bigbluefranchising.com,big|blue|franchising
82523,hyundaidept.com,hyundai|dept
67742,destinoatleta.com,destino|atleta
98842,emelinelabat.com,emeline|lab|at
48403,cayetanaspalmeritas.com,cayetanas|palmeritas
76945,74233.com,74233
60552,518area.com,518|area
27658,designerretainer.com,designer|retainer
15435,isabellaadamsart.com,isabella|adams|art
24399,cvcprs.com,cvcprs
94691,juliaysergiosecasan.com,julia|y|sergios|ecasan
81518,barbarawester.com,barbara|wester
25145,digitalsellersacademycourse.com,digital|sellers|academy|course
67568,brightterm.com,bright|term
71170,getfree4u.com,get|free|4|u
42480,afftour.com,aff|tour
49071,arbyfs.com,arby|fs
99760,curvesandsun.com,curves|and|sun
66026,ferrisellis.com,ferris|ellis
96297,autosenergy.com,autos|energy
40902,cascadewell.com,cascade|well
59786,fef31641t5s.com,fef31641t5s
32751,herchichair.com,herchi|chair
34580,acuityplusmentalhealth.com,acuity|plus|mental|health
8736,bloomnutritionist.com,bloom|nutritionist
87020,chateau-st-laurent.com,chateau|st|laurent
84891,drrichardhatfieldmd.com,dr|richard|hatfield|md
28581,banditzllc.com,banditz|llc
61590,cualuoihaithi.com,cua|luo|ihaithi
61644,indirimpy.com,indirimpy
4331,9to5yourway.com,9|to|5|your|way
74852,creatividadysalud.com,creatividad|y|salud
35338,airwuliu.com,air|wu|liu
53441,chs-student.com,chs|student
30134,iichajd.com,iichajd
33725,informaticasicurezza.com,informaticas|icurezza
49352,allianceoverseas.com,alliance|over|seas
49506,cruisepiratesclub.com,cruise|pirates|club
21373,jamesflorentino.com,james|florentino
77070,farmcoinc.com,farm|coin|c
40023,cafeayv.com,cafe|ayv
14224,cavcocanvas.com,cavco|canvas
73076,2701riverhillsroad.com,2701|river|hills|road
45714,evcharge4free.com,ev|charge|4|free
14613,bocadoor.com,boca|door
47413,instantbeema.com,instant|beema
50068,b-daman.com,b|daman
53687,ironwoodband.com,iron|wood|band
37949,helpponouto.com,help|pon|outo
96014,funding1.com,funding|1
79940,berniehsu.com,bernie|hsu
59394,atlprogress.com,atl|progress
70680,aurorafruit.com,aurora|fruit
49327,costcoguru.com,costco|guru
54736,desinis.com,desinis
56863,iuncommon.com,i|uncommon
18765,crontana.com,crontana
9247,16eg4hbm42a7hlmb9h6pf747p3lefa7d.com,16eg4hbm42a7hlmb9h6pf747p3lefa7d
60404,hybridclinician.com,hybrid|clinician
47145,alpeni.com,al|peni
23216,bd4254.com,bd4254
33251,hedera-garden.com,hedera|garden
71690,communautedugout.com,communaute|dug|out
93590,elviesinn.com,elvies|inn
10596,infinitybiologix.com,infinity|biologix
21258,didacti-todo.com,didacti|to|do
25663,123planet.com,123|planet
70296,gis-mu.com,gis|mu
39541,defilex.com,defile|x
70313,curtiszimmerman.com,curtis|zimmerman
91130,37brompton.com,37|brompton
31773,johnmoriartyart.com,john|mori|art|y|art
82175,ferienwohnung-wf.com,ferien|wohnung|wf
60890,abroadmilestones.com,a|broad|mile|stones
27212,heiligegraal.com,heili|gegraal
92232,jcqfilms.com,jcq|films
7918,christianchenliu.com,christian|chen|liu
84529,cbandslandscaping.com,c|bands|land|scaping
97915,dougstoughenterprise.com,dougs|tough|enterprise
81050,cmd-e.com,cmd|e
84169,drttob.com,dr|t|tob
23057,encinitasmortgage.com,encinitas|mortgage
53991,elenavalle.com,elena|valle
84657,doufi2.com,doufi|2
86654,freemortgagepaymentcalculator.com,free|mortage|payment|calculator
6728,codeoverfit.com,code|over|fit
29196,ceremoniesbyhayley.com,ceremonies|by|hayley
94977,ageless-longevity.com,ageless|longevity
24685,eliteperformancestudios.com,elite|performance|studios
80479,ascottstarrewards.com,a|scott|star|rewards
35620,ambienceonline.com,ambience|online
9421,idealprintingservice.com,ideal|printing|service
98853,donandjamie.com,don|and|jamie
49069,empowersvces.com,empowers|vces
82936,experiencetas.com,experience|tas
41371,axisequity.com,axis|equity
50503,igrecrm.com,igrecrm
13327,beaboatdog.com,be|a|boat|dog
66238,dilyano.com,dil|yano
91796,gpzxzhjt.com,gpzxhjt
12736,994791.com,994791
40177,ennerwebs.com,enner|webs
35876,belron-tmd2test.com,belron|tmd|2|test
31962,6699587.com,6699587
70478,indiancaregiver.com,indian|care|giver
41961,gfibelgium.com,gfi|belgium
15098,emacoaches.com,ema|coaches
92319,arabianpeca.com,arabian|peca
33731,donatesphere.com,donate|sphere
8765,estipreneurship.com,estipreneurship
94678,immunomedics-gilead.com,immuno|medics|gi|lead
67523,gffoundations.com,gf|foundations
21937,ahfeelsgood.com,ah|feels|good
53765,jrtires.com,jr|tires
20762,autoblog.com,auto|blog
1274,bellahalo.com,bella|halo
26655,ipne.com,ipne
30669,achimlelle.com,achim|lelle
73328,advancedmycotech.com,advanced|my|co|tech
38415,desertplumberssuncitywest.com,desert|plumbers|sun|city|west
34691,asiaarchitects.com,asia|architects
7638,hltjmmj.com,hltjmmj
5461,evenements-actu.com,evenements|actu
88711,frameless-whiteboard.com,frameless|whiteboard
36708,cshjsy.com,cshjsy
72155,creatsie.com,creatsie
11282,hertztrailerrentalsite.com,hertz|trailer|rental|site
1408,arpaymenthelp.com,ar|payment|help
32678,eagsystems.com,eag|systems
68608,helixts.com,helix|ts
34035,intellabilling.com,intella|billing
55235,duecvccjc8srad7mpub4rpjjul8f1ucb.com,duecvccjc8srad7mpub4rpjjul8f1ucb
84437,espace-prana.com,espace|prana
13668,digitalprintbr.com,digital|print|br
81548,itectt.com,ite|ctt
26206,discoverymediaonline.com,discovery|media|online
54491,fiqaoas6dve2l0qf582eqmjrj8bhuud5.com,fiqaoas6dve2l0qf582eqmjrj8bhuud5
85005,allthingsfoxvalley.com,all|things|fox|valley
53629,deliverthisapp.com,deliver|this|app
69937,joelgavino.com,joel|gavino
50277,ae3gidg3os1m84fjra1q7i23dromhcu6.com,ae3gidg3os1m84fjra1q7i23dromhcu6
72867,dateine.com,date|ine
27717,batbnb.com,bat|bnb
16011,carbonwingz.com,carbon|wingz
63571,davidpatey.com,david|patey
69600,7853.com,7853
45692,chensizhe.com,chensi|zhe
7265,camoetc.com,camo|etc
95394,europlayhub.com,euro|play|hub
8007,ep0lf8iaf07ofa0i0b420097nrrqis5g.com,ep0lf8iaf07ofa0i0b420097nrrqis5g
26924,hubcanopy.com,hub|canopy
89212,bizbuzzbyte.com,biz|buzz|byte
90614,b45064.com,b45064
1726,imsoanxious.com,im|so|anxious
68750,comercialrupe.com,comercial|rupe
95939,drfitnessint.com,dr|fitness|int
57304,ichigoutei.com,ichigo|utei
13489,blanc-co.com,blanc|co
25155,ibizarec.com,ibiza|rec
48293,alchemyofresilience.com,alchemy|of|resilience
13653,frequencysocial.com,frequency|social
33618,jellychameleon.com,jelly|chameleon
54450,jnvyavatmal.com,jnvyavatmal
38719,burgessadams.com,burgess|adams
28642,golxmse.com,golxmse
50676,365wm95.com,365wm95
63343,gargleblastergames.com,gargle|blaster|games
24439,justlotus.com,just|lotus
5163,circularletters.com,circular|letters
45172,izcutie.com,iz|cutie
72028,ayuntamientodegelves.com,ayunta|miento|de|gelves
37488,citylocalcommunity.com,city|local|community
5601,efficientbranding.com,efficient|branding
31999,healingwithhumandesign.com,healing|with|human|design
61414,getwinpartners.com,get|win|partners
82493,grubhubz.com,grub|hubz
19661,enirgo.com,en|irgo
44962,hildepr.com,hilde|pr
60892,astrangertowords.com,a|stranger|to|words
86600,98444.com,98444
92792,briantruncali.com,brian|truncali
37882,justnaturallyme.com,just|natural|lyme
12305,155racing.com,155|racing
79724,funnyfarmrenovation.com,funny|farm|renovation
67674,atohio.com,at|ohio
51407,crosscultureinnovations.com,cross|culture|innovations
28026,endterrorism.com,end|terrorism
67715,clasesenarrigorriaga.com,clases|en|arrigorriaga
69196,justinsiris.com,justins|iris
23076,estesblue.com,estes|blue
42337,jaggeddiamond.com,jagged|diamond
28695,healthyhabitsvip.com,healthy|habits|vip
47898,barrieneurologyclinic.com,barrie|neurology|clinic
83022,gcjigui.com,gcji|gui
41511,brandingbarnd.com,branding|barnd
31726,audreyanastasia.com,audrey|anastasia
57287,estudiarlo.com,estudiarlo
10909,fastrrentals.com,fastr|rentals
58717,emartmutual.com,emart|mutual
21239,drzahrahatamzadeh.com,dr|zahra|hatamzadeh
21147,floodstory.com,flood|story
82279,bagzladye-accessories2.com,bagz|ladye|accessories|2
36448,cseasadmenerance.com,csea|sad|men|erance
32606,dilemmathegame.com,dilemma|the|game
28039,extensivebs.com,estensive|bs
28714,bluesurfgroup.com,blue|surf|group
98249,expertqbadvisors.com,expert|qb|advisors
89202,blueantcreative.com,blue|ant|creative
84899,5ov164ncd6j075nl6rnmti9lv2o2fsv6.com,5ov164ncd6j075nl6rnmti9lv2o2fsv6
63715,315320.com,315320
85974,handandhearttherapy.com,hand|and|heart|therapy
53353,146press.com,146|press
31379,cyclecraftco.com,cycle|craft|co
95584,fullofeyes.com,full|of|eyes
20781,heimscheid.com,heim|scheid
40078,donovanswall.com,donovans|wall
29886,celebchatbot.com,celeb|chat|bot
54670,beehealthy.com,bee|healthy
36606,elitelabdiamond.com,elite|lab|diamond
514,coordinateursparentaux.com,coordinate|urs|parent|aux
9866,eddysattractions.com,eddys|attractions
43800,ercupdates.com,er|cup|dates
22229,criticalwitness.com,critical|witness
91057,imgevervalleyhealth.com,img|ever|valley|health
84522,hallingers.com,hallingers
76016,eprnd.com,eprnd
76533,asdeliveryservice.com,as|delivery|service
41638,fzshtgs.com,fzshtgs
62477,baoyfc.com,baoyfc
38665,contractorsteamllc.com,contractor|steam|llc
6925,enziglow.com,enzig|low
11670,catchr-guiding.com,catchr|guiding
52744,aquatechus.com,aqua|tech|us
59918,jgw987.com,jgw987
23748,apogeeze.com,apogeeze
92695,heartothemountain.com,heart|o|the|mountain
90300,e-statevolando.com,e|state|volando
59145,fitprosdoneforyou.com,fit|pros|done|for|you
94815,asterisies.com,aster|isies
59632,bdjuniversal.com,bdj|universal
26108,collectionsineurope.com,collections|in|europe
74569,ceylontrendy.com,ceylon|trendy
37590,airepe-gz.com,airepe|gz
91789,artwye.com,art|wye
82702,gerathemetalsmith.com,gera|the|metal|smith
50866,diyfl.com,diy|fl
4880,flfree.com,fl|free
41666,eaglesyouthsports.com,eagles|youth|sports
75671,anaelearning.com,ana|elearning
93824,hillsidefitness101.com,hill|side|fitness|101
77062,heolanicreations.com,heol|ani|creations
32046,aspenpdm.com,aspen|pdm
66551,cosimogalluzzi.com,cosimo|galluzzi
42474,beavercountyapartments.com,beaver|county|apartments
76734,intimatemusicgroup.com,intimate|music|group
82045,codenameacacia.com,code|name|acacia
29803,dropintotech.com,drop|in|to|tech
81816,6958xxx.com,6958|xxx
90457,hdhuanwei.com,hd|huan|wei
44078,hitspurist.com,hits|purist
52848,czjiu.com,cz|jiu
87332,c9mtestpage1.com,c9m|test|page|1
3484,incubationbrands.com,incubation|brands
82448,jrlawgroup.com,jr|law|group
48057,barber108.com,barber|108
99274,demaddis.com,de|maddis
25793,fromagier.com,from|agier
47959,instashem.com,insta|shem
91179,beverlyhillsaddress.com,beverly|hills|address
10928,hammondgowerserver.com,hammond|gower|server
94061,emergency-hr.com,emergency|hr
95753,cammousepad.com,cam|mouse|pad
29471,ivzpto.com,ivzpto
69119,evgeniyach.com,evgeniyach
4846,bdf-7788.com,bdf|7788
72183,amandagibbypeters.com,amanda|gibby|peters
74974,flathams.com,flat|hams
30651,afroculture.com,afro|culture
49914,esearchlogix.com,e|search|logix
48893,designguard.com,design|guard
73286,allairedavis.com,all|aire|davis
26153,2lovecycling.com,2|love|cycling
91468,eminola.com,eminola
22811,boutiquehrservice.com,boutique|hr|service
70004,cruise-tv.com,cruise|tv
97268,bob11962.com,bob|11962
76421,amie-myanmaragency.com,amie|myanmar|agency
77847,a-damselintheus.com,a|damsel|in|the|us
57881,dfiestas4u.com,d|fiestas|4|u
50205,jagt13.com,jagt13
42447,donatospizza.com,donatos|pizza
60815,bouillouses.com,bouil|louses
13983,hanglun.com,hang|lun
80823,gritcases.com,grit|cases
48016,hvyf.com,hvyf
2551,counsellingviazoom.com,counselling|via|zoom
18301,dropshippingstraybullet.com,drop|shipping|stray|bullet
20761,hugodelivery.com,hugo|delivery
1915,9898977.com,9898977
30061,adriano-ads.com,adriano|ads
54446,hyzcys.com,hyzcys
9016,experienciasdoser.com,experiencias|doser
19311,fflluxe.com,fflluxe
12831,guaccilogistics.com,guacci|logistics
15407,avamaerowe.com,ava|mae|rowe
36942,beginnertailwind.com,beginner|tail|wind
61477,floatingspheres.com,floating|spheres
55084,csepoalphatech.com,csepoalpha|tech
95134,expertradings.com,exper|tradings
54704,estherwanecoaching.com,esther|wane|coaching
5170,goodstay.com,good|stay
89621,heng93.com,heng93
73112,finansustrategas.com,finansu|strategas
1065,heretome.com,here|to|me
27547,365ttbuy.com,365|tt|buy
91306,americanfirstusa.com,american|first|usa
59659,bilheteweb.com,bilhete|web
68648,downtownoasis.com,down|town|oasis
95132,halcophelps.com,hal|cop|helps
78456,jl128.com,jl128
95327,jaredsrealm.com,jareds|realm
59560,driftsouth.com,drift|south
30122,calvinflippo.com,calvin|flippo
23925,ip15.com,ip|15
63496,jaedonlondagin.com,jaedon|londagin
8266,3dayoffer646.com,3|day|offer|646
33591,bidingguo.com,bi|ding|guo
72620,avcovalves.com,avco|valves
19956,fastnerspoint.com,fast|ners|point
20147,beccamaedesigns.com,becca|mae|designs
76569,jy3824.com,jy3824
46149,boggarts.com,boggarts
44342,indoorharvester.com,in|door|harvester
42615,bat-invest.com,bat|invest
52699,brigittethiot.com,brigitte|thiot
57292,goodwillmedical.com,good|will|medical
53520,flat6studios.com,flat|6|studios
2880,102vip9.com,102|vip|9
55082,grisb.com,grisb
62844,danemar.com,dane|mar
58462,bednarzfamily.com,bed|narz|family
60970,gc5qvv6qrl42sgdm4egogmi6vbbiapb2.com,gc5qvv6qrl42sgdm4egogmi6vbbiapb2
32503,anta-rf.com,anta|rf
53255,byte-sizedcrypto.com,byte|sized|crypto
43585,eastcoastraveller.com,east|coast|traveller
63600,canvello.com,canvello
20609,americansurrealist.com,american|surrealist
60209,gpsinventorysolutionssending.com,gps|inventory|solutions|sending
75868,getsupersavings.com,get|super|savings
21589,gwinnettcountybraves.com,g|winnett|county|braves
9613,immobilierlimousin.com,immobilier|limousin
71267,antwerpbotanicalsacademy.com,antwerp|botanicals|academy
28513,fireroasted.com,fire|roasted
21925,goldenappleweb.com,golden|apple|web
14523,graxen.com,graxen
90488,aldeemstore.com,aldeem|store
99037,betteringz.com,bette|ringz
97968,catherinebstafford.com,catherine|b|stafford
5144,australiamint.com,australia|mint
48125,bluesdrawings.com,blues|drawings
47839,getaclutch.com,get|a|clutch
54032,braceletmagique.com,bracelet|magique
35522,elgringoabogado.com,el|gringo|abogado
149,distributionhj.com,distribution|hj
31021,ivettedominguez.com,ivette|dominguez
10973,clasesdeseguridadflorida.com,clases|de|segurida|florida
54609,1wzsw.com,1wzsw
93967,careyourpets.com,care|your|pets
41877,intrachartering.com,intra|chartering
89232,fightforyourlifeclub.com,fight|for|your|life|club
31975,crissified.com,crissified
84576,b-side-partners.com,b|side|partners
41930,beautypaiges.com,beauty|paiges
89029,archivedsupplycompany.com,archived|supply|company
13344,chasingthecurenow.com,chasing|the|cure|now
39019,areopoli.com,areopoli
14006,allaboutthepartyllc.com,all|about|the|party|llc
49243,gueva.com,gueva
23568,clubsportsapparel.com,club|sports|apparel
86313,finomage.com,fino|mage
5434,bellhavenpianostudio.com,bell|haven|piano|studio
70500,dreamyluxury.com,dreamy|luxury
78775,eido69mg5a7s2eufq9alqd5em14q6uma.com,eido69mg5a7s2eufq9alqd5em14q6uma
28354,buvaji.com,buvaji
66395,bubble-escape.com,bubble|escape
59974,cool-remedy-roof.com,cool|remedy|roof
95481,isgdatabasedevelopment.com,isg|data|base|development
67277,jca-equipment.com,jca|equipment
21183,datorama-demo.com,datorama|demo
36062,autolosstaxsettlement.com,auto|loss|tax|settlement
31515,cma-engineering.com,cma|engineering
84941,f2196.com,f2196
24412,centroservizicapalbio.com,centro|servizi|capalbio
90066,defensiveinvestor.com,defensive|investor
84065,guerillaseven.com,guerilla|seven
41825,affinergy.com,affinergy
56760,justmybabymama.com,just|my|baby|mama
82584,ashleighbaby.com,ashleigh|baby
58161,exemplarydm.com,exemplary|dm
64782,enlog-dgs.com,enlog|dgs
5797,driversclubchicago.com,drivers|club|chicago
50898,byfcg.com,byfcg
52475,2229331.com,2229331
31369,immune4you.com,immune|4|you
72147,hardcorefaith.com,hard|core|faith
65156,jidijiahe.com,jidijiahe
28618,55ssp20i55ntutl3fri53o8s3amh96e5.com,55ssp20i55ntutl3fri53o8s3amh96e5
33130,heart2heartdogtraining.com,heart|2|heart|dog|training
97835,football-scene.com,foot|ball|scene
78093,arrudafranco.com,arruda|franco
6150,apostabet77.com,a|post|a|bet|77
24559,hannahjcullen.com,hannah|j|cullen
78820,cuchillostrenzados.com,cuchillo|strenzados
90102,hillcresteventcenter.com,hill|crest|event|center
53135,dunadeldaryoush.com,duna|del|daryoush
86540,abellehayford.com,abelle|hayford
76812,aguacatesechartea.com,agua|catese|chartea
86920,artdiancollection.com,art|dian|collection
60072,jandrliquidations.com,jandr|liquidations
89190,durhamentrepreneurs.com,durham|entrepreneurs
46504,cadexpresscorp.com,cad|express|corp
33756,elisaminetto.com,elisa|minetto
53116,crossplatix.com,cross|platix
89583,fullyengaged.com,fully|engaged
10539,164hu.com,164hu
29134,5rly3d.com,5rly3d
17385,adseries.com,ad|series
73078,alfazeta.com,al|fazeta
44530,edelglobal.com,edel|global
74225,i5gepn6aevn2ejqnjbcjdo1jqqqc95ll.com,i5gepn6aevn2ejqnjbcjdo1jqqqc95ll
10858,71588844.com,71588844
30350,626dar6rupf2454g4u4m8mgbeustsnu4.com,626dar6rupf2454g4u4m8mgbeustsnu4
35129,ashtxn.com,ashtxn
10782,jvstr.com,jvstr
44018,114ef.com,114ef
63479,520iee.com,520iee
96647,factshindi.com,facts|hindi
20869,cjperry.com,cj|perry
5734,basmalaaus.com,basmala|aus
78633,jiffylubelewes.com,jiffy|lube|lewes
33203,foreverpathwaysministries.com,forever|pathways|ministries
90090,habpropertiesgroup.com,hab|properties|group
80156,diavel-forum.com,diavel|forum
48798,joiestereo.com,joie|stereo
57816,isatissoome.com,i|sat|issoome
85987,cloud-sry.com,cloud|sry
78849,arcadecanada.com,arcade|canada
91413,corbellnews.com,corbell|news
19542,cqjxd.com,cqjxd
47224,haultie.com,haul|tie
50485,goatandsheep.com,goat|and|sheep
71510,6vdesign.com,6v|design
19861,fatimaboscodalat.com,fatima|boscodalat
80605,j6j0hhacjp05ag1gqm6mirvf6on1srvp.com,j6j0hhacjp05ag1gqm6mirvf6on1srvp
52853,expandthebrandnola.com,expand|the|brand|nola
70595,devdy.com,devdy
77794,indust-ventures.com,indust|ventures
12086,fox-db-trial.com,fox|db|trial
50292,boyfromrc.com,boy|from|rc
2335,cryptoinvestmentsfirm.com,crypto|investments|firm
87126,devaci.com,devaci
49391,enginefish.com,engine|fish
93851,fubusports.com,fubu|sports
13230,easyairco.com,easy|air|co
51141,aty992.com,aty992
48694,innofantech.com,inno|fan|tech
21283,gatefold-digital.com,gate|fold|digital
39571,abnatal.com,ab|natal
67249,himawari-sg.com,himawari|sg
21382,digitesouro.com,digit|esouro
17971,185004-270346.com,185004|270346
50588,315252.com,315252
64458,currenex.com,currenex
1633,gardetescheveux.com,gardetescheveux
32630,groupcomplete.com,group|complete
24738,georgepeach.com,george|peach
35016,czyhhd.com,czyhhd
32432,cabmedvaanissen.com,cabmed|vaanissen
88051,epicchamber.com,epic|chamber
35583,blastafoodrecipes.com,blasta|food|recipes
22744,777872.com,777872
46226,electrocigarro.com,electro|cigarro
45938,e9t7u1o2c3.com,e9t7u1o2c3
59988,beeshiddengems.com,bees|hidden|gems
98539,fixitworldwide.com,fix|it|world|wide
81310,gptmotorsport.com,gpt|motor|sport
48991,dancenxtlevel.com,dance|nxt|level
88639,guyswellness.com,guys|wellness
7470,jmstranscription.com,jms|transcription
12528,0mveo11iph5260c7eb3fpedt91q350vc.com,0mveo11iph5260c7eb3fpedt91q350vc
5598,global-compression-services.com,global|compression|services
46675,charleneandme.com,charlene|and|me
90503,johnlucasmusicco.com,john|lucas|music|co
78559,gabinetegalaniglesias.com,gabi|netegalan|iglesias
43401,astronomads.com,astro|nomads
99479,flixape.com,flix|ape
48356,balato8-ph.com,balato|8|ph
57040,denhvidesten.com,denhvidesten
9514,iyfraep.com,iyfraep
89706,joe-e-pace.com,joe|e|pace
34101,asd7zu.com,asd7zu
54395,andersonhillwoodcraft.com,anderson|hill|wood|craft
93569,dyegenx.com,dye|genx
84087,garagedoorrepairsouthflorida.com,garage|door|repair|south|florida
488,certidor.com,certidor
63087,ecologicnaturalsolutions.com,ecologic|natural|solutions
65610,iris984.com,iris|984
24808,cme-du-plateau.com,cme|du|plateau
57194,as-2000.com,as|2000
27854,fightingmanofmars.com,fighting|man|of|mars
15331,ext-cloudreach.com,ext|cloud|reach
70169,1sourceinc.com,1|source|inc
33161,escapethecityliving.com,escape|the|city|living
37528,jpziyuan.com,jpzi|yuan
81552,groundcontrollocation.com,ground|control|location
61696,coastalgemslettering.com,coastal|gems|lettering
33850,hamburg-flughafen.com,hamburg|flughafen
20015,goldenstatebouldering.com,golden|state|bouldering
31373,deloittevolunteerhub.com,deloitte|volunteer|hub
10777,dreadfultech.com,dreadful|tech
21012,ebonyoneverything.com,ebony|on|everything
7614,erfolg-als-friseur.com,erfolg|als|friseur
72698,flex62.com,flex|62
47562,inventastics.com,inventastics
12008,dodexo.com,dodexo
14256,enchantressandthelion.com,enchantress|and|the|lion
6301,jaigga9ieevh0n36tfqg8guih5npetrg.com,jaigga9ieevh0n36tfqg8guih5npetrg
10822,beautyrestored.com,beauty|restored
4017,icryptocode.com,i|crypto|code
64759,eoarchitects.com,eo|architects
97916,702mlan.com,702mlan
88581,h-ferry.com,h|ferry
57943,dogurineremovers.com,dogurine|removers
77824,embizzy.com,embizzy
90958,ejqn0a0suv4ad723g225642q48p84od5.com,ejqn0a0suv4ad723g225642q48p84od5
96589,accupolitics.com,accu|politics
5550,integritypaintingandrenovations.com,integrity|painting|and|renovations
3804,8826333.com,8826333
30359,generalgenomics.com,general|genomics
4946,66648tt.com,66648tt
73287,joyviz.com,joy|viz
10263,cybeefox.com,cybee|fox
36934,cornellsystems.com,cornell|systems
68103,claudiazeier.com,claudia|zeier
41504,jmcyprus.com,jm|cyprus
94231,firstcallcleaners.com,first|call|cleaners
1169,ezraroda.com,ezra|roda
63477,floridaflag.com,florida|flag
73292,dadaxz.com,dad|axz
79750,69737.com,69737
76603,casacontigocl.com,casa|contigo|cl
5446,jetpainterbuild.com,jet|painter|build
18965,hl-renovation.com,hl|renovation
49678,gm6oqch7sn0phet1e5e234gq8rhldbe4.com,gm6oqch7sn0phet1e5e234gq8rhldbe4
27242,centrohipicomaasbree.com,centro|hipico|maas|bree
81027,drlnlaws.com,dr|ln|laws
2727,foreandfore.com,fore|and|fore
598,azimmigrationattorneys.com,az|immigration|attorneys
20878,dogzahav.com,dog|zahav
71602,eastdevon.com,east|devon
77801,climatisation-93.com,climatisation|93
57265,electronicafromusic.com,electronic|afro|music
1000,davlisseven.com,davlis|seven
86961,bonfirecareercoaching.com,bonfire|career|coaching
23628,adaptabletherapyservice.com,adaptable|therapy|service
40082,czthhl.com,czthhl
55746,herodouglas.com,hero|douglas
33435,aunovotny.com,aunovotny
65692,johnmdelgado.com,john|m|delgado
50397,donate2ride.com,donate|2|ride
60714,cablovemusic.com,cab|love|music
72069,globalprisenter.com,global|prisenter
1518,aj4u.com,aj|4|u
16102,joenortonwrites.com,joe|norton|writes
43405,derivont.com,derivont
87399,grupoproimpsac.com,grupo|proimpsac
50478,freighbors.com,freighbors
91289,farsbazar.com,fars|bazar
5443,compactslider.com,compact|slider
27750,bigbitesjamaicaplains.com,big|bites|jamaica|plains
97336,goodpizzaclub.com,good|pizza|club
33210,ismile-dentalcare.com,i|smile|dental|care
72626,bmstecservice.com,bms|tec|service
12118,ellxi.com,ell|xi
66571,abarroteriaelrey.com,abarro|teria|el|rey
65666,instantseries.com,instant|series
38659,008887158.com,008887158
80329,inoncologyus.com,in|oncology|us
64007,deeper-vision.com,deeper|vision
69399,04047790.com,04047790
35093,ff2m6jusufvo5evgb25emu60llrtssrq.com,ff2m6jusufvo5evgb25emu60llrtssrq
8624,enrichsquare.com,enrich|square
66193,19947961631.com,19947961631
20439,315studios.com,315|studios
39806,jfslife.com,jfs|life
98129,gasnaturalbanargentina.com,gas|natural|ban|argentina
29852,christophernandez.com,christopher|nandez
11465,foreverusapparel.com,forever|us|apparel
26266,drydix.com,dry|dix
82726,coroarsnova.com,coroars|nova
81262,jeremybachelor.com,jeremy|bachelor
44685,brbdinner.com,brb|dinner
30358,jetportgas.com,jet|port|gas
68709,droppingwell.com,dropping|well
76454,busslersolutions.com,bussler|solutions
43356,dogzengarden.com,dog|zen|garden
43443,actionintexas.com,action|in|texas
37319,a7d2h.com,a7d2h
1437,alpinepaintcompany.com,alpine|paint|company
377,fpsimpianti.com,fpsimpianti
55611,888-2-refacing.com,888|2|refacing
75067,brianpuleo.com,brian|puleo
47127,easy-calo.com,easy|calo
10462,bloomingdesignss.com,blooming|designss
37120,entersolaris.com,enter|solaris
6370,expressfiling.com,express|filing
88874,iamagtech.com,iamag|tech
25630,docslayer.com,doc|slayer
74964,amjg.com,amjg
22329,apps-for-art.com,apps|for|art
89367,hthvip1573.com,hthvip1573
32323,jersmer.com,jersmer
58741,comercialt.com,comercial|t
21920,cooperstownmotel.com,coopers|town|motel
66885,extraneo-store.com,extra|neo|store
57197,batimmoplus.com,batimmo|plus
3131,coffee-curry-fin.com,coffee|curry|fin
19008,jingruxin.com,jing|ruxin
65607,gordonmonangfusion.com,gordon|monang|fusion
79188,carlamotta.com,carla|motta
18607,adblues.com,ad|blues
40394,ieautomatizacion.com,ie|automatizacion
20639,bonthe-yrc.com,bonthe|yrc
3050,audaciousdesignstudio.com,audacious|design|studio
58779,alandsonsplumbingusa.com,alandsons|plumbing|usa
48232,foconnectivity.com,fo|connectivity
50819,52way.com,52|way
44192,handdrawnquartered.com,hand|drawn|quartered
20221,everythingopulencebeauty.com,every|thing|opulence|beauty
98704,advancedsubliminal.com,advanced|subliminal
57382,abovethebarchicago.com,above|the|bar|chicago
30062,gptacb.com,gptacb
28197,drahailaalmeida.com,drahaila|almeida
422,ai4uf9nga432vnpfufq519pns3ojm8a0.com,ai4uf9nga432vnpfufq519pns3ojm8a0
48746,financialfrontnews.com,financial|front|news
11151,jgoodies.com,j|goodies
99581,fraudsteveschwartzapfel.com,fraud|steve|schwartzapfel
35682,destileriastenis.com,destileriastenis
40594,hydrothing.com,hydro|thing
38506,hwlmapp.com,hwlm|app
18806,cristianmelendez.com,cristian|melendez
76973,glowsart.com,glows|art
24277,bluebirdboutiquewi.com,blue|bird|boutique|wi
55343,8diagrams.com,8|diagrams
57531,invernessfair.com,inverness|fair
8872,doangialand.com,doangia|land
43217,blueefficience.com,blue|efficience
14553,coolreflectionz.com,cool|reflectionz
38330,gogogive.com,gogo|give
84134,appraiseroffice.com,appraiser|office
70530,eastcoastrepairandfabrication.com,east|coast|repair|and|fabrication
70659,everydaypilgrimage.com,every|day|pilgrimage
88785,expedientevirtual.com,expediente|virtual
97824,22000iso.com,22000|iso
33499,frivmax.com,frivmax
98137,franchisetailgate.com,franchise|tail|gate
34609,1761z1761.com,1761|z|1761
27045,dezracing.com,dezr|acing
93837,bcever.com,bcever
18724,artisaties.com,artisaties
88037,carrentalsearch.com,car|rental|search
29096,dysnservices.com,dysn|services
79955,decadesvoyage.com,decades|voyage
85485,accessorydwellingunitpros.com,accessory|dwelling|unit|pros
56258,231152.com,231152
36874,eightgatesclo.com,eight|gates|clo
33111,amorimteam.com,amorim|team
48423,harraldreamer.com,harral|dreamer
85145,centrovesalius.com,centro|vesalius
94567,decarboneum.com,decarbon|eum
34282,jinshanct.com,jinshanct
93606,enliothailand.com,enlio|thailand
43867,cloudcatz.com,cloud|catz
32515,bluebrij.com,blue|brij
57221,ecommercerating.com,e|commerce|rating
34305,amend19.com,amend|19
15190,humanleyprints.com,human|ley|prints
22285,doorfame.com,door|fame
65752,dynamic-extraction.com,dynamic|extraction
55603,besbay.com,bes|bay
21608,jahanihsan.com,jaha|nihsan
42253,ecominsurance.com,e|com|insurance
82871,chirurgiens-plasticiens.com,chirurgiens|plasticiens
66359,ifovgroupe.com,i|fov|groupe
84426,dream-filler.com,dream|filler
96689,collinslawde.com,collins|law|de
61890,eyesiteee.com,eyes|iteee
64334,apl-eco.com,apl|eco
42104,jessicahrendon.com,jessica|h|rendon
23638,jiexinshunwuliu.com,jie|xin|shun|wu|liu
10486,everything2gain.com,every|thing|2|gain
59775,googlesearshconsole.com,google|searsh|console
74372,jrapaintsinc.com,jra|paints|inc
72663,aurugs.com,au|rugs
17445,aojesus.com,ao|jesus
45165,esposascalientes.com,esposas|calientes
60510,adamscraftycreations.com,adams|crafty|creations
31916,elijahscup.com,elijahs|cup
44396,brunchdaytona.com,brunch|daytona
72738,3in1god.com,3|in|1|god
83286,gatewaylimousine.com,gate|way|limousine
88958,foodfirst4adhd.com,food|first|4|adhd
57318,jonlewisreviews.com,jon|lewis|reviews
59413,371667.com,371667
99586,genie-fitness.com,genie|fitness
78457,cyclistshq.com,cyclists|hq
50468,chilligardens.com,chilli|gardens
81662,fm2services.com,fm|2|services
72952,hbd7.com,hbd|7
95406,glamivie.com,glam|ivie
74672,go-malling.com,go|malling
39875,cntopwin.com,cn|top|win
9973,cvagri.com,cvagri
60370,fourniplant.com,fourni|plant
62215,cate-international.com,cate|international
39282,espressomag.com,espresso|mag
86621,algodiferente-carolsarai.com,algodiferente|carolsarai
95876,grandbeecats.com,grand|bee|cats
1805,confeitariadigital.com,confeitaria|digital
78773,engineeringbms.com,engineering|bms
28623,dancehall-detour.com,dance|hall|detour
41613,imaginmobiliaria.com,imagin|mobiliaria
84421,ignitedcandle.com,ignited|candle
26673,aboutresidentsmedicalgroup.com,about|residents|medical|group
36674,aqsbrand.com,aqs|brand
35230,ezcarbon.com,ez|carbon
48090,buildingtips.com,building|tips
87975,concrete-magazin.com,concrete|magazin
50028,alwafaa-eg.com,alwafaa|eg
8901,gyanvitaranammag.com,gyanvitaranammag
18109,certifieddiamondappraising.com,certified|diamond|appraising
94596,irlobs.com,irl|obs
34639,avco-design.com,avco|design
39886,7l3a4484033gplais01tjej0138u5m3m.com,7l3a4484033gplais01tjej0138u5m3m
8649,arcelent.com,arcelent
64838,halalcertificationbelgium.com,halal|certification|belgium
39344,aecspringfield.com,aec|springfield
87229,954ifsr6hj7r4rebp270n6ovq63vq2fi.com,954ifsr6hj7r4rebp270n6ovq63vq2fi
37354,firststarfarm.com,first|star|farm
64045,amazingspaceslive.com,amazing|spaces|live
26949,gsbhlp.com,gsbhlp
13992,jy8676.com,jy8676
32138,groovepods.com,groove|pods
51381,carbofil.com,carbofil
63283,245796.com,245796
63778,13aresearch.com,13a|research
77055,foxelbox.com,fox|el|box
40585,fromstruggletoblessing.com,from|struggle|to|blessing
40884,jcdragons.com,jc|dragons
99365,floortreatmentmaterials.com,floor|treatment|materials
29867,ansarandolini.com,ansarandolini
25315,extrovertband.com,extrovert|band
85994,animals4lifetraining.com,animals|4|life|training
61373,ifpex-expo.com,ifpex|expo
2731,ardenteclub998.com,ardente|club|998
54170,chitonbreeze.com,chiton|breeze
21890,iufro2014.com,iufro|2014
34848,cybersentia.com,cyber|sentia
91329,darteduard.com,dart|eduard
45695,day-lynewoff-ers.com,day|lynewoff|ers
97461,airductsurgeons-northnewjersey.com,air|duct|surgeons|north|new|jersey
91669,baybuildersal.com,bay|builders|al
13755,ee-gameguide.com,ee|game|guide
56110,atv-maxitrans.com,atv|maxitrans
62514,delta-conferences.com,delta|conferences
42261,bottomllm.com,bottom|llm
23915,innovatetowin.com,innovate|to|win
87934,gropowerindia.com,gro|power|india
32929,forensicpacs.com,forensic|pacs
87625,generisonline.com,generis|online
9476,barigade.com,barigade
47733,farmerseinsurance.com,farmers|einsurance
79834,brittaheine.com,britta|heine
85523,gworldlogis.com,gworld|logis
13040,appinmedic.com,app|in|medic
63159,byuscorp.com,byus|corp
22123,icrsys.com,icr|sys
71561,friendsanddesign.com,friends|and|design
92100,geminibrown.com,gemini|brown
64359,h7do1.com,h7do1
79830,alanaandspencer.com,alana|and|spencer
40451,huiday.com,hui|day
22032,itg-co.com,itg|co
37678,decoration-parisienne.com,decoration|parisienne
39554,aldogen.com,aldogen
77566,emysdaycare.com,emys|day|care
86556,cricpluses.com,cric|pluses
14398,harmophy.com,harm|ophy
1356,gaminggx.com,gaming|gx
23446,ahdsc.com,ahdsc
80816,financial-gnd.com,financial|gnd
96543,cilentoautenticodmo.com,cilento|autentico|dmo
55854,attainthenfly.com,attain|then|fly
34068,alphaadvocateagency.com,alpha|advocate|agency
94364,chiewig.com,chiewig
17781,antiquesuperstore.com,antique|super|store
7391,hardanmusicgroup.com,hardan|music|group
96010,dvicenteabogados.com,dvicen|tea|bogados
93082,exchangereality.com,exchange|reality
28057,biibiibo.com,bii|bii|bo
27766,actorduet.com,actor|duet
94218,angolamarine.com,angola|marine
91636,erasolcaldaie.com,erasolcaldaie
65987,717963.com,717963
5697,galvestonbayqueen.com,galveston|bay|queen
71576,busybodiesdesigns.com,busy|bodies|designs
38360,buygoodcar.com,buy|good|car
29318,illumabooth.com,illuma|booth
55291,bellapiedi.com,bella|piedi
81423,au2indretning.com,au2indretning
33683,dwarproductions.com,dwar|productions
54062,justgriff.com,just|griff
91265,8ftech.com,8f|tech
90276,cardhubx.com,card|hub|x
46164,activatedewards.com,activate|dewards
89355,balticnitrile.com,baltic|nitrile
24739,happytrailscolorado.com,happy|trails|colorado
7152,indivisualgallery.com,indivisual|gallery
85258,fatpigeonpubs.com,fat|pigeon|pubs
74326,jacon-solutions.com,jacon|solutions
54270,hicustomervoices.com,hi|customer|voices
696,airportexplorer.com,air|port|explorer
20335,gwarrow.com,g|warrow
6093,ezz-theticrecords.com,ezz|the|tic|records
76553,bonnvischan.com,bonnvis|chan
98295,doctorespuertoescondido.com,doctor|espuerto|escondido
39437,dgppzw.com,dgppzw
30858,ibc003mys.com,ibc|003|mys
8996,acesector159noida.com,ace|sector|159|noida
3947,brianandcolin.com,brian|and|colin
27719,cartonnidodeabeja.com,carton|nidodeabeja
86987,infrastructurevictoria.com,infrastructure|victoria
99546,goalfigureclothing.com,goal|figure|clothing
68932,hamiltongraceservices.com,hamilton|grace|services
96871,eiteldesign.com,eitel|design
99457,iizecooling.com,iize|cooling
91957,cloudypost.com,cloudy|post
42934,armapillo.com,arm|apillo
19007,beowolfexclusives.com,beowolf|exclusives
38089,6g0dfud97mnuhmoft4jsmjamaap3r91m.com,6g0dfud97mnuhmoft4jsmjamaap3r91m
21351,crsap.com,crsap
3136,iaqutou.com,iaqutou
11086,b2f6w.com,b2f6w
60984,g401d41lf4tbg3n80r43sm3r2binm9l1.com,g401d41lf4tbg3n80r43sm3r2binm9l1
95772,aimterapia.com,aim|terapia
83217,doubleimpactmedia.com,double|impact|media
19887,jmsofteners.com,jm|softeners
59309,gr8dotcom.com,gr8|dot|com
69122,getoriginalparts.com,get|original|parts
76388,entropy-llc.com,entropy|llc
91387,detechies.com,de|techies
94121,duhlaurien.com,duhlaurien
30461,fullritual.com,full|ritual
34339,buyfrozenpizza.com,buy|frozen|pizza
42514,harmonphysicaltherapy.com,harm|on|physical|therapy
65801,gawgani.com,gawgani
96157,aboriginalbest.com,aboriginal|best
45249,ajeano.com,ajeano
84049,computer-lotse.com,computer|lotse
55090,bethsaundersconsulting.com,beth|saunders|consulting
4286,ipfqybzcus.com,ipfqybzcus
41978,jessicapunter.com,jessica|punter
18328,frequenttravelerevents.com,frequent|traveler|events
86923,1037lite.com,1037|lite
52810,cticontech.com,cti|con|tech
51222,b948aqh92isolg61jdh60l034bo9uo9m.com,b948aqh92isolg61jdh60l034bo9uo9m
98686,heilongmaoyi.com,hei|long|mao|yi
33031,cardioelix.com,cardio|elix
40034,boxcarpzix.com,box|carp|zix
75004,gemmorrison.com,gem|morrison
49308,downtownlastudios.com,down|town|la|studios
91758,autocars-savac.com,auto|cars|savac
57744,handmadetravelsolutions.com,hand|made|travel|solutions
45863,dx301.com,dx|301
72584,aaronben.com,aaron|ben
83058,divvysafe.com,divvy|safe
30437,bethatwildflower.com,be|that|wild|flower
78120,haiwenwl.com,haiwen|wl
1839,banca499.com,banca|499
52661,donyayenoor.com,donya|yenoor
15198,entretant.com,entretant
42027,castlelendingcars.com,castle|lending|cars
97681,flexpertlegal.com,fl|expert|legal
62516,ifillyourcup.com,i|fill|your|cup
37684,115592p.com,115592p
55770,beaverutahstorage.com,beaver|utah|storage
62959,adacta-gmbh.com,adacta|gmbh
98456,hinrichfoundations.com,hinrich|foundations
96257,abbeygrabner.com,abbey|grabner
60306,adobe-data.com,adobe|data
16289,boat-escape.com,boat|escape
6323,cerulean-stratus-press.com,cerulean|stratus|press
83535,fruit-bar.com,fruit|bar
63761,francinetesler.com,francine|tesler
71498,adt-tech.com,adt|tech
60618,allaboutprogression.com,all|about|progression
55329,amandafm.com,amanda|fm
40821,buberme.com,buberme
68807,alfsanchez.com,alf|sanchez
48209,chezfoods.com,chez|foods
53422,iz-zimi-v-leto.com,iz|zimi|v|leto
23566,1lnb37fhursn4ap8sq2voch54l5dh3fg.com,1lnb37fhursn4ap8sq2voch54l5dh3fg
37564,immo-igel.com,immo|igel
57504,gellywig.com,gelly|wig
68672,drmelissaharrisonfl.com,dr|melissa|harrison|fl
75322,epistapropre.com,epistapropre
68593,jacobwinstead.com,jacob|winstead
75078,juanitasautos.com,juanitas|autos
29345,chasepointdc.com,chase|point|dc
62990,carlisleparts.com,car|lisle|parts
36880,19iem.com,19iem
55578,intellimedtech.com,intellimed|tech
24656,deadgodsdie.com,dead|gods|die
76103,abelbuzarquis.com,abel|buzarquis
71282,itax-solutions.com,itax|solutions
86914,florianhillmann.com,florian|hillmann
82855,epicmindstutoring.com,epic|minds|tutoring
29025,flexible49.com,flexible|49
79345,consultoriagca.com,consult|oriagca
51148,jasonaford.com,jason|a|ford
16741,evenders.com,even|ders
18558,atriumrenov.com,atrium|renov
36093,eileenalbrizio.com,eileen|albrizio
68091,jonathanmastinportfolio.com,jonathan|mastin|portfolio
22214,jenatix.com,jena|tix
853,casibom843.com,casi|bom843
97579,freshcasino2606.com,fresh|casino|2606
64395,eartevgo.com,eartevgo
18455,abcvoosbaratos.com,abc|voos|baratos
48196,dimoraaganoor.com,dimora|aganoor
34056,1stpriorityhh.com,1st|priority|hh
34403,evobattery.com,evo|battery
57435,catsblvd.com,cats|blvd
54865,fa0aga870snr46ulij16o5ve6m54j8lc.com,fa0aga870snr46ulij16o5ve6m54j8lc
20905,cachtaicoccoc.com,cachtaicoccoc
55019,cottambrush.com,cottam|brush
39298,beyondthemotherland.com,beyond|the|mother|land
5114,gummiicecreamcones.com,gummi|ice|cream|cones
95095,desirevillias.com,desire|villias
95362,hhuttonadminservices.com,hhutton|admin|services
21131,danlesgroup.com,dan|les|group
8640,actsprod.com,acts|prod
44307,amitechdesign.com,ami|tech|design
75071,egancounsultinggroup.com,egan|counsulting|group
81755,garyalbertson.com,gary|albertson
5755,baeaimoveis.com,baeai|move|is
13084,harlowdoyle.com,harlow|doyle
31037,djpbusinessinc.com,djp|business|inc
61147,cnotagaelach.com,cnotagaelach
69918,baitulmal-acehbesar.com,baitulmal|acehbesar
24536,alberguelabarraca.com,albergue|la|barraca
44795,habeebe.com,habeebe
59992,545685.com,545685
86023,angie-grimes.com,angie|grimes
30174,apicamail4.com,apica|mail|4
71251,bestbeefintl.com,best|bee|fintl
92187,bagsac.com,bag|sac
23861,fredspoolservice.com,freds|pool|service
907,billboardslasvegas.com,bill|boards|las|vegas
87511,gdbyh.com,gdbyh
73869,airdexpress.com,air|d|express
77502,chapter7filinginformation.com,chapter|7|filing|information
39480,futurafragua.com,futura|fragua
52235,caputoproperty.com,caputo|property
89457,borrowerdata.com,borrower|data
12830,gigiemmevacanze.com,gigi|emmevacanze
27601,clcconsultancyco.com,clc|consult|ancyco
49283,defendwhatsgood.com,defend|whats|good
38776,chat-409.com,chat|409
43412,cigalow.com,ciga|low
62283,jiduj.com,jiduj
22807,crowdfundthedream.com,crowd|fund|the|dream
37985,aquafeed.com,aqua|feed
30640,cycleprojectstore.com,cycle|project|store
73762,adultsitelistings.com,adult|site|listings
4954,gitedesamis.com,gitedesamis
33245,hillecustoms.com,hille|customs
68319,educacioncaninasevilla.com,educacion|caninase|villa
9740,ad-presents.com,ad|presents
4323,acapulcoluxuryvillas.com,acapulco|luxury|villas
89743,britishgasmetering.com,british|gas|metering
89840,aeesee.com,aee|see
82765,grivinsegr.com,grivinsegr
5408,africaboro.com,africa|boro
33297,dynamicandmighty.com,dynamic|and|mighty
84558,benetstore.com,benet|store
82141,globalstrawberry.com,global|straw|berry
46529,bidderoo.com,bid|deroo
87398,79-zumospin.com,79|zumo|spin
59625,99547.com,99547
68788,elrealtypr.com,el|real|typr
84611,grupoberhfer.com,grupo|berhfer
79302,best-age-conference.com,best|age|conference
60900,family-redefined.com,family|redefined
7548,avedaadvancedacademy.com,aveda|advanced|academy
28200,dmff888.com,dmff888
15609,digestivehealthpdx.com,digestive|health|pdx
48327,cattlevaccination.com,cattle|vaccination
26988,biddersapp.com,bidders|app
99081,frictionlessdataprotection.com,frictionless|data|protection
60406,hydrogelfilters.com,hydro|gel|filters
48536,hubblemimo.com,hubble|mimo
88007,epicogateway.com,epico|gate|way
37472,goodecoevents.com,good|eco|events
14058,admirednation.com,admired|nation
96912,animation-pipeline.com,animation|pipe|line
51301,avvsamantabufalini.com,avvsamanta|bufalini
52567,breast-implants-chicago.com,breast|implants|chicago
4033,barbusu.com,barbusu
53667,gingerandcarrot.com,ginger|and|carrot
89359,biolab1.com,bio|lab1
60411,demrawan.com,demrawan
39967,0002127.com,0002127
25701,capitelcommunications.com,capitel|communications
6428,1591996.com,1591996
6981,cure4usa.com,cure|4|usa
4892,consuladolanzarote.com,consul|adolanzarote
35058,clearfieldagency.com,clear|field|agency
71045,betterplacesact.com,better|places|act
28878,devpha.com,devpha
99214,greatergoodexperiences.com,greater|good|experiences
48058,datongjc.com,datongjc
62577,doubleswivelring.com,double|swivel|ring
728,eenode.com,eenode
40996,andreasleo.com,andreas|leo
83534,blandingsbatterier.com,blandings|batterier
15300,800newhire.com,800|new|hire
35526,jhenaidah0204.com,jhena|idah0204
70076,gravityfitness.com,gravity|fitness
62822,boyu5405.com,boyu5405
58169,applepiproductions.com,apple|pi|productions
19678,eleusistradeco.com,eleusistra|deco
64055,jnxwyxx.com,jnxwyxx
24990,jandjadventures.com,j|and|j|adventures
64364,ecolotees.com,eco|lot|ees
92552,ezrobotsentertainment.com,ezro|bots|entertainment
28114,deepfeedstudio.com,deep|feed|studio
22311,deziign9.com,deziign|9
75666,f2fvision.com,f2f|vision
48939,babyzippers.com,baby|zippers
28546,anandgdevaiah.com,anand|g|devaiah
21528,carriazetech.com,carria|zetech
99618,belizetravelreviews.com,belize|travel|reviews
9391,1wbqtl.com,1wbqtl
46049,89gaomm.com,89gaomm
533,heiluotuo.com,hei|luo|tuo
53236,huashenhj.com,hua|shen|hj
64836,cloudsimera.com,clouds|imera
48558,6454444.com,6454444
54835,austrian-ice-racers.com,austrian|ice|racers
18930,engagemicro.com,engage|micro
38518,coloridilana.com,color|idilana
75515,investment-bible.com,investment|bible
96728,dentoncountydivorcenow.com,denton|county|divorce|now
32870,ibuynj.com,i|buy|nj
40415,famouscomfortcenter.com,famous|comfort|center
64778,aandbrecycling.com,a|and|b|recycling
40846,freexsl.com,free|xsl
4433,atlantafosterpuppies.com,atlanta|foster|puppies
93040,520196.com,520196
12582,4n0emii5d682tl3avrl0tcjbgqe2o606.com,4n0emii5d682tl3avrl0tcjbgqe2o606
47089,brilolifestyles.com,brilo|life|styles
17400,90553669480.com,90553669480
66113,deqianjiaoyu.com,de|qian|jiaoyu
1860,amazonglobalpayments.com,amazon|global|payments
19227,bjwume.com,bjwume
99884,betterfood-dortmund.com,better|food|dortmund
59609,chaswilsonoffers.com,chas|wilson|offers
79008,je-ne-suis-pas-un-numero.com,je|ne|suis|pas|un|numero
38884,afrastheticsforyourworld.com,afrasthetics|for|your|world
57888,ce4062.com,ce4062
32684,are-nordic.com,are|nordic
49949,ad-555.com,ad|555
40330,jaiohare.com,jai|ohare
39177,hargrovepressurewashing.com,hargrove|pressure|washing
94025,architectsoutlets.com,architects|outlets
57462,futurustelemed.com,futurus|telemed
65815,cryptonewsmania.com,crypto|news|mania
80487,cbasphaltut.com,cb|asphalt|ut
81674,civicdancecenter.com,civic|dance|center
62004,adiumgames.com,adium|games
74497,devotionalgallery.com,devotional|gallery
73844,e-clipsmedia.com,e|clips|media
61375,coolandclever.com,cool|and|clever
61035,impactaccounting.com,impact|accounting
99807,extracareuae.com,extra|care|uae
84542,halfloween.com,half|loween
33975,crmnf.com,crmnf
90695,joyousapparel.com,joyous|apparel
24734,aissemblyline.com,aissembly|line
56958,antensatellite.com,anten|satellite
47024,argentinamundo.com,argentina|mundo
67256,drmariorecalde.com,dr|mario|recalde
92360,jundoss.com,jun|doss
34634,1strevelationtattoo.com,1st|revelation|tattoo
18832,idnet-nl.com,idnet|nl
44574,bbet9119.com,bbet9119
13984,doorswestinc.com,doors|west|inc
58856,effersol.com,effersol
67365,hiremelouis.com,hire|me|louis
64090,geldtraum.com,geldtraum
51676,eshuapparel.com,eshu|apparel
73855,codeventurist.com,code|venturist
32052,gofair-co.com,go|fair|co
39569,acedigital360.com,ace|digital|360
17299,avconamerica.com,av|con|america
16712,aristoncrafts.com,ariston|crafts
11095,digital-customer-communication-group.com,digital|customer|communication|group
70118,asantesolar.com,asante|solar
80551,h810cjgm38o8a902phtcnr0enli6ug6g.com,h810cjgm38o8a902phtcnr0enli6ug6g
78956,accountantadvicescheme.com,accountant|advice|scheme
76977,gc-collection.com,gc|collection
98109,generationruin.com,generation|ruin
71841,108underwear.com,108|under|wear
56449,jmsfutureenterprises.com,jms|future|enterprises
23125,argodia.com,argodia
18064,hhhht.com,hhhht
32183,d8ified.com,d8ified
72398,52jojo.com,52|jojo
14403,ahcgjs.com,ahcgjs
50062,comprarcocheenibiza.com,comprar|cocheen|ibiza
21359,electricunicorn.com,electric|unicorn
93509,annamanger.com,anna|manger
74682,gbmglobalresources.com,gbm|global|resources
93927,amys-pfotenfreunde.com,amys|pfotenfreunde
8181,dappermindy.com,dapper|mindy
57038,angelromero510.com,angel|romero|510
44803,ageetvie.com,ageet|vie
72618,boileri-caravan.com,boileri|caravan
2630,bullishinsights.com,bullish|insights
23163,babyschuhregal.com,baby|schuh|regal
11138,aqualife-indonesia.com,aqua|life|indonesia
15502,gurrucid.com,gurrucid
93296,hiya-agency.com,hiya|agency
40543,invisionsolutnspro.com,invision|solutns|pro
96284,cortesadv.com,cortes|adv
66481,changjiangmaritime.com,chang|jiang|maritime
54011,dragonriders1178.com,dragon|riders|1178
82767,anxinpatio.com,anxin|patio
38842,commrefrigconslaz.com,commrefrigconslaz
43335,abcdeforex.com,abcde|forex
4659,jrlitaly.com,jrl|italy
62438,careersatlevin.com,careers|at|levin
86688,inspectisgroup.com,inspect|is|group
92570,bolgati.com,bolgati
42214,brosephstreet.com,broseph|street
85973,atlantis2global.com,atlantis|2|global
66108,iveco-edri.com,iveco|edri
67944,5b3sb4jdg1gc82e7o9b3h6ettgmvenag.com,5b3sb4jdg1gc82e7o9b3h6ettgmvenag
99880,arizonasba.com,arizona|sba
36592,bjmcmanagement.com,bjmc|management
90640,ds1209.com,ds1209
54336,chippascommunications.com,chippas|communications
73069,fesunat.com,fesunat
57031,coolpace.com,cool|pace
16190,ada-manufacturing.com,ada|manufacturing
21237,aayandas.com,aayandas
51936,22v12.com,22v12
77501,algorcards.com,algor|cards
40889,fororutas.com,for|orutas
70140,goolize.com,goolize
86952,hharoyaljellypaper.com,hha|royal|jelly|paper
62643,cybersaif.com,cyber|saif
41471,islamiclawyers.com,islamic|lawyers
31492,healthyvegandishes.com,healthy|vegan|dishes
84048,eclipsealgo.com,eclipse|algo
36890,bitcointom.com,bitcoin|tom
75647,60c9ji7moibj1c4mgg7uv5pegjb5g59d.com,60c9ji7moibj1c4mgg7uv5pegjb5g59d
89243,itborna.com,itborna
89293,3msitepaving.com,3m|site|paving
42130,igiveacrop.com,i|give|a|crop
14457,bussocg.com,bussocg
97809,gamblezine.com,gamble|zine
14522,jara2000.com,jara|2000
96756,devinnunesyoutube.com,devin|nunes|youtube
26014,beratcitytours.com,berat|city|tours
71929,greatinvestmentsggh.com,great|investments|ggh
99874,annoyingbrother.com,annoying|brother
43411,ingvildbertelsen.com,ingvild|bertelsen
62864,guitarg1rl.com,guitar|g1rl
46218,farrah-shuang.com,farrah|shuang
83881,gsoop.com,gsoop
72367,glenmaryfarms.com,glen|mary|farms
54141,byganz.com,byganz
61721,adglitcher.com,ad|glitcher
40667,1tmfni.com,1tmfni
77072,discoveranatolia.com,discover|anatolia
91168,jaca-mall.com,jaca|mall
38706,full-powers.com,full|powers
86331,alfforceone.com,alf|force|one
15493,dcwolford.com,dc|wolford
96346,bluewavewrestling.com,blue|wave|wrestling
90756,bewealthyagent.com,be|wealthy|agent
1741,coldnosesports.com,cold|nose|sports
93951,earnalivingplayingmusic.com,earn|a|living|playing|music
1287,amumba.com,amumba
55544,cvpriceinvestments.com,cv|price|investments
15962,f-hu.com,f|hu
28339,hg-24.com,hg|24
91343,cartagospel.com,carta|gospel
30850,acvcam.com,acv|cam
37669,dashesy.com,dash|esy
63483,crystals-australia.com,crystals|australia
32020,jengondelmannp.com,jen|gondelmann|p
43130,bestiaryanthropocene.com,bestiary|anthropocene
8461,apx-crystal.com,apx|crystal
95914,juliagrandeart.com,julia|grandeart
34886,cheriewaters.com,cherie|waters
19231,coghillmedia.com,cog|hill|media
95156,5n384tse5bas1pa27nbvdjaf3o2scpuu.com,5n384tse5bas1pa27nbvdjaf3o2scpuu
81999,gabrielcesana.com,gabriel|cesana
33420,centerwithyoga.com,center|with|yoga
29622,airforcepopularstore.com,air|force|popular|store
21842,autosdeportivosdelujo.com,autos|deportivos|delujo
38670,joaquimantonioemidio.com,joaquim|antonio|emidio
2789,ciaramashea.com,ciara|mashea
99111,clairecarrington.com,claire|carrington
21501,cdabluesfestival.com,cda|blues|festival
35922,astrologerparmeshwar.com,astrologer|parmesh|war
23252,embosofficial.com,embos|official
7136,gfoj.com,gfoj
33918,hr-measure.com,hr|measure
29439,1266slots19.com,1266|slots|19
33814,insectdistrict.com,insect|district
83051,eos3dprinting.com,eos|3d|printing
30709,feednews.com,feed|news
75685,guetertransporte.com,gueter|transporte
22903,beinvestorconference2023.com,be|investor|conference|2023
62778,evrendigital.com,evren|digital
71234,desirv.com,desirv
9517,jomalcolm.com,jo|malcolm
21736,humantransitions.com,human|transitions
63834,3lsearchpartners.com,3l|search|partners
26009,400hurtz.com,400|hurtz
7804,hammer-ausbildung.com,hammer|ausbildung
83635,aspectcontent.com,aspect|content
87165,join-vrf.com,join|vrf
70445,carsmiami-rents.com,cars|miami|rents
9201,1eyecrew.com,1|eye|crew
68143,boislaurentien.com,bois|laurent|ien
87083,betteronlinebureau.com,better|online|bureau
51577,areacode-jp.com,area|code|jp
87806,fairydare.com,fairy|dare
25687,jesusanddemocracy.com,jesus|and|democracy
50998,jcamerican.com,jc|american
47092,17672222.com,17672222
24537,dinfremtid.com,dinfremtid
78945,baseball-store.com,base|ball|store
89918,ardellstonedance.com,ardell|stone|dance
73738,3esqjy.com,3esqjy
9126,igepa-deutschland.com,igepa|deutschland
6661,29lingfieldroad.com,29ling|field|road
66844,interchives.com,inter|chives
68446,jesuisbeau.com,jesuis|beau
78636,american-stranger.com,american|stranger
73586,deltagentactiva.com,delta|gent|activa
57021,arhausloft.com,arhaus|loft
81282,citrixbenefits.com,citrix|benefits
56999,bodybuildingexpo.com,body|building|expo
78191,drgruenwald.com,dr|gruenwald
47605,alpinewhitegoldenretrievers.com,alpine|white|golden|retrievers
8157,cosslong.com,cosslong
20321,daphnepaulsen.com,daphne|paulsen
12049,gragnanofood.com,grag|nano|food
30505,crustcritic.com,crust|critic
70565,bancoitauconsignadossa.com,ban|coitau|con|signa|dossa
9876,effalldebt.com,effall|debt
94329,isogsyf.com,isogsyf
78831,carlomanca.com,carlo|manca
90412,blysseon.com,blysseon
82115,fivediamondsedanservice.com,five|diamond|sedan|service
8170,5wuma.com,5wuma
83525,ibsbelladc.com,ibs|bell|adc
20635,jdandcogroup.com,jd|and|co|group
56794,headwaterinfo.com,head|water|info
66989,goldengolfinsiders.com,golden|golf|insiders
15541,costacorner.com,costa|corner
58374,getfitcanada.com,get|fit|canada
91505,bellounette.com,bell|ounette
99839,apparelnfts.com,apparel|nfts
27029,affordable-automotive.com,affordable|automotive
61639,drjeffreymair.com,dr|jeffrey|mair
22334,092711.com,092711
35611,dutchfurn.com,dutch|furn
43991,bitcoinbogan.com,bitcoin|bogan
37913,bectors.com,bectors
33110,freshnaturaljuice.com,fresh|natural|juice
18952,allmetsafetytools.com,allmet|safety|tools
78468,hgodfrey.com,h|godfrey
13868,didaoxian.com,didao|xian
42324,expressdel.com,express|del
31890,aviationadvisorsgroup.com,aviation|advisors|group
91098,atsbuilding.com,ats|building
40153,aitiyu307.com,aitiyu307
8627,hermanntamayo.com,hermann|tamayo
38463,almostaghfirmobile.com,almost|aghfir|mobile
73208,christopherlozada.com,christopher|lozada
6238,aida-reisen.com,aida|reisen
77336,j9ummd41b094j0f50s9f3b52ub8uuqah.com,j9ummd41b094j0f50s9f3b52ub8uuqah
48881,5gwarfareblog.com,5g|warfare|blog
88618,caveauprofumeriaartistica.com,caveau|profumeria|artistica
49697,comfyfluffy.com,comfy|fluffy
65882,amazonbioeco.com,amazon|bio|eco
9986,ibonetxebeste.com,ibonetxebeste
45084,imgsurvivalguide.com,img|survival|guide
92245,coffee-meow-meow.com,coffee|meow|meow
11125,71787668.com,71787668
28672,getecosystem.com,get|eco|system
93360,36463456867.com,36463456867
68012,elfogonmexicanbargrill.com,el|fogon|mexican|bar|grill
43293,iaqitpy.com,iaqitpy
5506,danielepillittu.com,daniel|e|pillittu
56164,huangdun.com,huang|dun
248,fnnow.com,fnnow
51683,faidth.com,faidth
6540,dns2.afone-telecom.com,dns2|afone|telecom
95889,fipronex.com,fipronex
9705,bonsaiandblooms.com,bonsai|and|blooms
60531,hugorhill.com,hug|or|hill
4454,aiamaine.com,aiamaine
56965,augustineyates.com,augustine|yates
26572,airconditionerslahabra.com,air|conditioners|lahabra
29073,blestconsulting.com,blest|consulting
7435,digitalresets.com,digital|resets
66151,indilisa.com,indilisa
29452,gomattergen.com,go|matter|gen
4937,76vblajet6f2ddnea219qsih3gvnup7g.com,76vblajet6f2ddnea219qsih3gvnup7g
65995,bacbtu.com,bacbtu
16408,dabblegabble.com,dabble|gabble
91611,izzz-group.com,izzz|group
77602,gerstendesign.com,gersten|design
62948,gastronomie-schirme.com,gastronomie|schirme
40877,generalbilisim.com,general|bilisim
7260,aliexbest.com,ali|exbest
79475,developsbox.com,develops|box
92334,apartmentsingle.com,apartment|single
29392,abbottrading.com,abbot|trading
57110,aerlextax.com,aerlex|tax
41427,frhlevelstore.com,frh|level|store
55647,embuscade-ardennaise.com,embuscade|ardennaise
14009,cajavus.com,cajavus
19648,candycarverart.com,candy|carver|art
14247,chauffeurmonaco.com,chauffeur|monaco
41385,acitycoffee.com,a|city|coffee
70081,b-stp.com,b|stp
68645,3dyummy.com,3d|yummy
14140,eastpointedental.com,east|pointe|dental
61128,decafsociety.com,decaf|society
35046,globeragroup.com,globe|ra|group
10293,729900.com,729900
63453,ingdna.com,ingdna
66185,blueservemail.com,blue|serve|mail
19827,hf88888vip2.com,hf|88888|vip|2
90746,handyoustore.com,hand|you|store
87963,fineartsbuy.com,fine|arts|buy
31250,hillarylinmd.com,hillary|lin|md
5267,barzito.com,bar|zito
12782,bdty1258.com,bdty1258
79408,colorleaf-craft.com,color|leaf|craft
18423,fortcollinscabinets.com,fort|collins|cabinets
48759,garrandsmotorsports.com,garrands|motor|sports
54009,daac-bd.com,daac|bd
87458,crystaldub.com,crystal|dub
97313,faeriesteed.com,faerie|steed
18282,jlcqc.com,jlcqc
12148,6cdvrolq6t3n4hrvmb33neh5p53rt2br.com,6cdvrolq6t3n4hrvmb33neh5p53rt2br
27428,fathertimeauction.com,father|time|auction
36071,cheryltbo.com,cheryl|t|bo
83322,87633.com,87633
43415,ecommercepartnersapp.com,ecommerce|partners|app
16729,alivehelp.com,alive|help
12160,itsiebitsiebullies.com,itsie|bitsie|bullies
13809,bitradehm.com,bit|radehm
67953,justinchristian17.com,justin|christian|17
44290,8a10uem8rbrvcf6559lnus4oniicp07p.com,8a10uem8rbrvcf6559lnus4oniicp07p
28860,callmejorge.com,call|me|jorge
39859,je-rembourse.com,je|rembourse
84722,2ndmaincoffee.com,2nd|main|coffee
91260,glattisen.com,glattisen
75173,gynecologistorlando.com,gynecologist|orlando
57998,dogdoosnowcone.com,dog|doo|snow|cone
45867,easytaxi85.com,easy|taxi|85
16551,igrowaz.com,igrowaz
41844,builtcares.com,built|cares
19855,gz81yst.com,gz81yst
12778,casangladabenasque.com,casangla|dabenasque
81659,fivestarfloors.com,five|star|floors
65461,448x8.com,448x8
50231,digitalasets.com,digital|asets
46280,avivitdesign.com,avi|vit|design
79549,dancecolective.com,dance|colective
55446,austintuxedo.com,austin|tuxedo
15676,guhuatech.com,guhua|tech
33608,biminischarters.com,biminis|charters
39845,flxhere.com,flx|here
32309,iiesnanded.com,iiesnanded
77833,blue22capital.com,blue|22|capital
42417,betmetre76.com,bet|metre|76
59820,aaceenterprisesllc.com,aace|enterprises|llc
87947,capitalcityflow.com,capital|city|flow
4634,dextezomedia.com,dextezo|media
34827,f2v0lm91m1uv0euvd0cojag1pqjrhgdo.com,f2v0lm91m1uv0euvd0cojag1pqjrhgdo
27808,ascend-aia.com,ascend|aia
47475,gbcomunicazione.com,gb|comunicazione
90973,focusdzine.com,focus|dzine
98874,cryptovestment.com,crypto|vestment
48770,atc86.com,atc|86
17209,gyprofessionalpaintingllc.com,gy|professional|painting|llc
75110,ehrlicher-umgang-mit-dem-wolf.com,ehrlicher|umgang|mit|dem|wolf
29872,531424.com,531424
10729,alboeyewear.com,albo|eye|wear
59428,futureforges.com,future|forges
59653,beech-v35b.com,beech|v35b
90724,boxedportraits.com,boxed|portraits
97888,dem-10.com,dem|10
93154,dolgulusimit.com,dolgulus|imit
11070,30daywebdesign.com,30|day|web|design
98888,crewsandpesquera.com,crews|and|pesquera
8899,engyluz.com,eng|y|luz
93591,functionalmedjumpstart.com,functional|med|jump|start
14571,iga-goatworld.com,iga|goat|world
96894,efficienttoolmasters.com,efficient|tool|masters
53695,averhealh.com,averhealh
86992,baizhi178.com,baizhi|178
70472,jiaxunsy.com,jia|xunsy
75438,clubwebsolutions.com,club|web|solutions
18149,cartasenjuego.com,cartas|en|juego
54767,6789xpj.com,6789xpj
87302,iweldigital.com,iwel|digital
82895,busfactorpodcast.com,bus|factor|pod|cast
43467,first-hand-consulting.com,first|hand|consulting
62910,gftab.com,gftab
53182,basisplaatventielen.com,basis|plaatventielen
60870,hanindersachdeva.com,hanindersachdeva
45132,happywealthymom.com,happy|wealthy|mom
42309,cyndiprocess.com,cyndi|process
48161,autoinsuranceplace.com,auto|insurance|place
23942,evilunleashed.com,evil|unleashed
86444,equalitytechnology.com,equality|technology
58803,bryantrodriguez.com,bryant|rodriguez
46699,huantar.com,huantar
62457,beautifulandbasicaf.com,beautiful|and|basic|af
66540,advocates-us.com,advocates|us
11770,315huojia.com,315|huo|jia
53754,jenwallet.com,jen|wallet
65144,charliespear.com,charlie|spear
42587,b90778.com,b90778
53745,dutchtradeoffice.com,dutch|trade|office
78987,bimlegaladvocaten.com,bim|legal|advocaten
32153,bgmojo.com,bg|mojo
66496,innerlips.com,inner|lips
70704,equipemadore.com,equip|emadore
3279,fingerguards.com,finger|guards
78960,joepradetto.com,joe|pradetto
41500,harlingenrecruiter.com,harlingen|recruiter
39436,123-baby-names.com,123|baby|names
29273,averyspauldingallen.com,avery|spaulding|allen
14319,7f999.com,7f999
20491,grupolacerda.com,grupo|lacerda
71468,adcelogistics.com,adce|logistics
8287,202122.com,202122
56865,bythebayresort.com,by|the|bay|resort
6527,abrechnung.com,abrechnung
42509,jrmunoz.com,jr|munoz
21158,caticilaras.com,caticilaras
95837,georgeabraham.com,george|abraham
19091,chrischiaramonte.com,chris|chiaramonte
43229,hbhideaway.com,hb|hide|away
3859,betball90-d.com,bet|ball|90|d
74805,buyezmessenger.com,buyez|messenger
94890,esmanumanovic.com,esmanumanovic
28307,cstoempire.com,csto|empire
38187,boerboelgroup.com,boerboel|group
81440,asphaltpavingpasadenatx.com,asphalt|paving|pasadena|tx
53900,2m4ffq5rtssutm8ndcii7eipae3ccjgb.com,2m4ffq5rtssutm8ndcii7eipae3ccjgb
1908,coldscreen.com,cold|screen
55753,csvrxviagra.com,csvrx|viagra
23025,freeportmetricsinc.com,freeport|metrics|inc
805,bonebrothdiet.com,bone|broth|diet
45631,adriandaydesign.com,adrian|day|design
19667,joyooo.com,joy|ooo
25869,flirtmailin.com,flirt|mail|in
28265,apexvalt.com,apex|valt
10677,callisburgcommunitycenter.com,callisburg|community|center
22443,grofud.com,grofud
23769,haewondial.com,haewon|dial
6851,91srtqsmpeig54q56q4nhmvuqdau8b64.com,91srtqsmpeig54q56q4nhmvuqdau8b64
33649,insurancecoveragehelpline.com,insurance|coverage|help|line
25100,columbusave.com,columbus|ave
16003,higgsair.com,higgs|air
70760,bodegascarpediem.com,bodegas|carpe|diem
37172,catandcianday.com,cat|and|cian|day
65621,8ya8.com,8ya8
94879,bonmojo.com,bon|mojo
54424,drharrisproducts.com,dr|harris|products
5857,dusarishaadi.com,dusarishaadi
21949,huangsewanzhan.com,huang|sewanzhan
27277,justlii.com,just|lii
69564,euroconplumbing.com,euro|con|plumbing
9184,integrityconnective.com,integrity|connective
99823,ivepa.com,ivepa
46213,be-aluminiumschmiede.com,be|aluminium|schmiede
92655,hairydtails.com,hairy|d|tails
26858,glazemaine.com,glaze|maine
44314,cottonconfections.com,cotton|confections
10780,annecy-loisirs.com,annecy|loisirs
21785,intermondesconsulting.com,intermondes|consulting
25584,duodtea.com,duod|tea
77580,diamond.tisanepal.com,diamond|tisanepal
11396,exlash.com,exlash
29633,justynafloral.com,justyna|floral
84950,crosssellapp.com,crosssell|app
34292,abogada-colombiano.com,abogada|colombiano
97640,buisinesscards.com,buisiness|cards
49100,elasun-secret.com,elasun|secret
30743,jjtwinaffiliates.com,jj|twin|affiliates
96431,canisfeles.com,canis|feles
97617,abeyaw.com,abeyaw